"longitude","latitude","date","location_name","number_of_smells"
"-0.09803758189082146","51.53936004638672","1936/01/01","Islington","3"
"-0.09803758189082146","51.53936004638672","1925/01/01","Islington","2"
"-0.09803758189082146","51.53936004638672","1953/01/01","Islington","7"
"-0.09803758189082146","51.53936004638672","1949/01/01","Islington","2"
"-0.09803758189082146","51.53936004638672","1860/01/01","Islington","6"
"-0.09803758189082146","51.53936004638672","1957/01/01","Islington","3"
"-0.09803758189082146","51.53936004638672","1964/01/01","Islington","2"
"-0.09803758189082146","51.53936004638672","1875/01/01","Islington","1"
"-0.09803758189082146","51.53936004638672","1963/01/01","Islington","3"
"-0.09803758189082146","51.53936004638672","1913/01/01","Islington","7"
"-0.09803758189082146","51.53936004638672","1972/01/01","Islington","2"
"-0.09803758189082146","51.53936004638672","1914/01/01","Islington","4"
"-0.09803758189082146","51.53936004638672","1897/01/01","Islington","1"
"-0.09803758189082146","51.53936004638672","1903/01/01","Islington","26"
"-0.09803758189082146","51.53936004638672","1909/01/01","Islington","4"
"-0.09803758189082146","51.53936004638672","1883/01/01","Islington","1"
"-0.09803758189082146","51.53936004638672","1950/01/01","Islington","1"
"-0.09803758189082146","51.53936004638672","1965/01/01","Islington","2"
"-0.09803758189082146","51.53936004638672","1905/01/01","Islington","8"
"-0.09803758189082146","51.53936004638672","1961/01/01","Islington","3"
"-0.09803758189082146","51.53936004638672","1968/01/01","Islington","1"
"-0.09803758189082146","51.53936004638672","1886/01/01","Islington","1"
"-0.09803758189082146","51.53936004638672","1864/01/01","Islington","2"
"-0.09803758189082146","51.53936004638672","1885/01/01","Islington","3"
"-0.09803758189082146","51.53936004638672","1910/01/01","Islington","7"
"-0.09803758189082146","51.53936004638672","1955/01/01","Islington","3"
"-0.09803758189082146","51.53936004638672","1935/01/01","Islington","1"
"-0.09803758189082146","51.53936004638672","1893/01/01","Islington","5"
"-0.09803758189082146","51.53936004638672","1874/01/01","Islington","11"
"-0.09803758189082146","51.53936004638672","1906/01/01","Islington","4"
"-0.09803758189082146","51.53936004638672","1900/01/01","Islington","3"
"-0.09803758189082146","51.53936004638672","1899/01/01","Islington","1"
"-0.09803758189082146","51.53936004638672","1856/01/01","Islington","21"
"-0.09803758189082146","51.53936004638672","1929/01/01","Islington","5"
"-0.09803758189082146","51.53936004638672","1926/01/01","Islington","3"
"-0.09803758189082146","51.53936004638672","1908/01/01","Islington","2"
"-0.09803758189082146","51.53936004638672","1904/01/01","Islington","9"
"-0.09803758189082146","51.53936004638672","1956/01/01","Islington","1"
"-0.09803758189082146","51.53936004638672","1907/01/01","Islington","4"
"-0.09803758189082146","51.53936004638672","1870/01/01","Islington","2"
"-0.09803758189082146","51.53936004638672","1959/01/01","Islington","9"
"-0.09803758189082146","51.53936004638672","1952/01/01","Islington","7"
"-0.09803758189082146","51.53936004638672","1865/01/01","Islington","1"
"-0.09803758189082146","51.53936004638672","1912/01/01","Islington","2"
"-0.09803758189082146","51.53936004638672","1970/01/01","Islington","1"
"-0.09803758189082146","51.53936004638672","1869/01/01","Islington","1"
"-0.09803758189082146","51.53936004638672","1858/01/01","Islington","3"
"-0.09803758189082146","51.53936004638672","1915/01/01","Islington","2"
"-0.09803758189082146","51.53936004638672","1911/01/01","Islington","3"
"-0.09803758189082146","51.53936004638672","1969/01/01","Islington","1"
"-0.09803758189082146","51.53936004638672","1971/01/01","Islington","3"
"-0.09803758189082146","51.53936004638672","1857/01/01","Islington","4"
"-0.09803758189082146","51.53936004638672","1954/01/01","Islington","2"
"-0.09803758189082146","51.53936004638672","1962/01/01","Islington","1"
"-0.18420803919434547","51.45489501953125","1925/01/01","Wandsworth","4"
"-0.18420803919434547","51.45489501953125","1877/01/01","Wandsworth","4"
"-0.18420803919434547","51.45489501953125","1953/01/01","Wandsworth","1"
"-0.18420803919434547","51.45489501953125","1928/01/01","Wandsworth","3"
"-0.18420803919434547","51.45489501953125","1931/01/01","Wandsworth","3"
"-0.18420803919434547","51.45489501953125","1957/01/01","Wandsworth","1"
"-0.18420803919434547","51.45489501953125","1964/01/01","Wandsworth","1"
"-0.18420803919434547","51.45489501953125","1897/01/01","Wandsworth","6"
"-0.18420803919434547","51.45489501953125","1972/01/01","Wandsworth","4"
"-0.18420803919434547","51.45489501953125","1965/01/01","Wandsworth","1"
"-0.18420803919434547","51.45489501953125","1913/01/01","Wandsworth","1"
"-0.18420803919434547","51.45489501953125","1901/01/01","Wandsworth","3"
"-0.18420803919434547","51.45489501953125","1914/01/01","Wandsworth","1"
"-0.18420803919434547","51.45489501953125","1923/01/01","Wandsworth","3"
"-0.18420803919434547","51.45489501953125","1958/01/01","Wandsworth","1"
"-0.18420803919434547","51.45489501953125","1951/01/01","Wandsworth","3"
"-0.18420803919434547","51.45489501953125","1903/01/01","Wandsworth","18"
"-0.18420803919434547","51.45489501953125","1971/01/01","Wandsworth","5"
"-0.18420803919434547","51.45489501953125","1922/01/01","Wandsworth","3"
"-0.18420803919434547","51.45489501953125","1911/01/01","Wandsworth","2"
"-0.18420803919434547","51.45489501953125","1962/01/01","Wandsworth","1"
"-0.18420803919434547","51.45489501953125","1934/01/01","Wandsworth","2"
"-0.18420803919434547","51.45489501953125","1930/01/01","Wandsworth","3"
"-0.18420803919434547","51.45489501953125","1950/01/01","Wandsworth","1"
"-0.18420803919434547","51.45489501953125","1895/01/01","Wandsworth","3"
"-0.18420803919434547","51.45489501953125","1905/01/01","Wandsworth","5"
"-0.18420803919434547","51.45489501953125","1961/01/01","Wandsworth","1"
"-0.18420803919434547","51.45489501953125","1948/01/01","Wandsworth","1"
"-0.18420803919434547","51.45489501953125","1886/01/01","Wandsworth","1"
"-0.18420803919434547","51.45489501953125","1908/01/01","Wandsworth","6"
"-0.18420803919434547","51.45489501953125","1872/01/01","Wandsworth","1"
"-0.18420803919434547","51.45489501953125","1885/01/01","Wandsworth","3"
"-0.18420803919434547","51.45489501953125","1910/01/01","Wandsworth","6"
"-0.18420803919434547","51.45489501953125","1909/01/01","Wandsworth","1"
"-0.18420803919434547","51.45489501953125","1937/01/01","Wandsworth","3"
"-0.18420803919434547","51.45489501953125","1935/01/01","Wandsworth","3"
"-0.18420803919434547","51.45489501953125","1893/01/01","Wandsworth","3"
"-0.18420803919434547","51.45489501953125","1894/01/01","Wandsworth","3"
"-0.18420803919434547","51.45489501953125","1896/01/01","Wandsworth","6"
"-0.18420803919434547","51.45489501953125","1874/01/01","Wandsworth","5"
"-0.18420803919434547","51.45489501953125","1966/01/01","Wandsworth","2"
"-0.18420803919434547","51.45489501953125","1906/01/01","Wandsworth","5"
"-0.18420803919434547","51.45489501953125","1938/01/01","Wandsworth","5"
"-0.18420803919434547","51.45489501953125","1899/01/01","Wandsworth","1"
"-0.18420803919434547","51.45489501953125","1879/01/01","Wandsworth","2"
"-0.18420803919434547","51.45489501953125","1887/01/01","Wandsworth","16"
"-0.18420803919434547","51.45489501953125","1856/01/01","Wandsworth","5"
"-0.18420803919434547","51.45489501953125","1921/01/01","Wandsworth","4"
"-0.18420803919434547","51.45489501953125","1929/01/01","Wandsworth","3"
"-0.18420803919434547","51.45489501953125","1926/01/01","Wandsworth","3"
"-0.18420803919434547","51.45489501953125","1891/01/01","Wandsworth","3"
"-0.18420803919434547","51.45489501953125","1933/01/01","Wandsworth","3"
"-0.18420803919434547","51.45489501953125","1904/01/01","Wandsworth","18"
"-0.18420803919434547","51.45489501953125","1898/01/01","Wandsworth","4"
"-0.18420803919434547","51.45489501953125","1919/01/01","Wandsworth","3"
"-0.18420803919434547","51.45489501953125","1884/01/01","Wandsworth","1"
"-0.18420803919434547","51.45489501953125","1952/01/01","Wandsworth","1"
"-0.18420803919434547","51.45489501953125","1881/01/01","Wandsworth","2"
"-0.18420803919434547","51.45489501953125","1865/01/01","Wandsworth","5"
"-0.18420803919434547","51.45489501953125","1912/01/01","Wandsworth","1"
"-0.18420803919434547","51.45489501953125","1970/01/01","Wandsworth","2"
"-0.18420803919434547","51.45489501953125","1890/01/01","Wandsworth","1"
"-0.18420803919434547","51.45489501953125","1915/01/01","Wandsworth","2"
"-0.18420803919434547","51.45489501953125","1969/01/01","Wandsworth","1"
"-0.18420803919434547","51.45489501953125","1932/01/01","Wandsworth","3"
"-0.18420803919434547","51.45489501953125","1924/01/01","Wandsworth","3"
"-0.18420803919434547","51.45489501953125","1927/01/01","Wandsworth","3"
"-0.18420803919434547","51.45489501953125","1902/01/01","Wandsworth","2"
"-0.18420803919434547","51.45489501953125","1892/01/01","Wandsworth","1"
"-0.18420803919434547","51.45489501953125","1907/01/01","Wandsworth","1"
"-0.18420803919434547","51.45489501953125","1954/01/01","Wandsworth","1"
"-0.18420803919434547","51.45489501953125","1949/01/01","Wandsworth","2"
"-0.18420803919434547","51.45489501953125","1878/01/01","Wandsworth","5"
"-0.18420803919434547","51.45489501953125","1882/01/01","Wandsworth","4"
"-0.11667","51.5","1871/01/01","City of Westminster","16"
"-0.11667","51.5","1877/01/01","City of Westminster","2"
"-0.11667","51.5","1926/01/01","City of Westminster","1"
"-0.11667","51.5","1953/01/01","City of Westminster","5"
"-0.11667","51.5","1931/01/01","City of Westminster","4"
"-0.11667","51.5","1928/01/01","City of Westminster","1"
"-0.11667","51.5","1959/01/01","City of Westminster","2"
"-0.11667","51.5","1964/01/01","City of Westminster","8"
"-0.11667","51.5","1866/01/01","City of Westminster","29"
"-0.11667","51.5","1875/01/01","City of Westminster","17"
"-0.11667","51.5","1873/01/01","City of Westminster","18"
"-0.11667","51.5","1913/01/01","City of Westminster","7"
"-0.11667","51.5","1930/01/01","City of Westminster","4"
"-0.11667","51.5","1914/01/01","City of Westminster","9"
"-0.11667","51.5","1923/01/01","City of Westminster","3"
"-0.11667","51.5","1958/01/01","City of Westminster","5"
"-0.11667","51.5","1903/01/01","City of Westminster","3"
"-0.11667","51.5","1922/01/01","City of Westminster","2"
"-0.11667","51.5","1962/01/01","City of Westminster","3"
"-0.11667","51.5","1908/01/01","City of Westminster","9"
"-0.11667","51.5","1965/01/01","City of Westminster","7"
"-0.11667","51.5","1972/01/01","City of Westminster","2"
"-0.11667","51.5","1961/01/01","City of Westminster","8"
"-0.11667","51.5","1876/01/01","City of Westminster","2"
"-0.11667","51.5","1864/01/01","City of Westminster","7"
"-0.11667","51.5","1863/01/01","City of Westminster","3"
"-0.11667","51.5","1910/01/01","City of Westminster","4"
"-0.11667","51.5","1862/01/01","City of Westminster","4"
"-0.11667","51.5","1894/01/01","City of Westminster","2"
"-0.11667","51.5","1966/01/01","City of Westminster","7"
"-0.11667","51.5","1968/01/01","City of Westminster","11"
"-0.11667","51.5","1938/01/01","City of Westminster","1"
"-0.11667","51.5","1899/01/01","City of Westminster","4"
"-0.11667","51.5","1929/01/01","City of Westminster","3"
"-0.11667","51.5","1859/01/01","City of Westminster","95"
"-0.11667","51.5","1891/01/01","City of Westminster","3"
"-0.11667","51.5","1904/01/01","City of Westminster","14"
"-0.11667","51.5","1956/01/01","City of Westminster","8"
"-0.11667","51.5","1907/01/01","City of Westminster","9"
"-0.11667","51.5","1870/01/01","City of Westminster","16"
"-0.11667","51.5","1952/01/01","City of Westminster","5"
"-0.11667","51.5","1881/01/01","City of Westminster","2"
"-0.11667","51.5","1865/01/01","City of Westminster","18"
"-0.11667","51.5","1912/01/01","City of Westminster","17"
"-0.11667","51.5","1888/01/01","City of Westminster","8"
"-0.11667","51.5","1915/01/01","City of Westminster","4"
"-0.11667","51.5","1969/01/01","City of Westminster","4"
"-0.11667","51.5","1971/01/01","City of Westminster","3"
"-0.11667","51.5","1924/01/01","City of Westminster","2"
"-0.11667","51.5","1927/01/01","City of Westminster","2"
"-0.11667","51.5","1967/01/01","City of Westminster","5"
"-0.11667","51.5","1954/01/01","City of Westminster","8"
"-0.11667","51.5","1878/01/01","City of Westminster","1"
"-0.11667","51.5","1925/01/01","City of Westminster","2"
"-0.11667","51.5","1860/01/01","City of Westminster","18"
"-0.11667","51.5","1957/01/01","City of Westminster","4"
"-0.11667","51.5","1884/01/01","City of Westminster","2"
"-0.11667","51.5","1880/01/01","City of Westminster","4"
"-0.11667","51.5","1950/01/01","City of Westminster","8"
"-0.11667","51.5","1963/01/01","City of Westminster","7"
"-0.11667","51.5","1948/01/01","City of Westminster","9"
"-0.11667","51.5","1951/01/01","City of Westminster","9"
"-0.11667","51.5","1909/01/01","City of Westminster","10"
"-0.11667","51.5","1895/01/01","City of Westminster","3"
"-0.11667","51.5","1905/01/01","City of Westminster","6"
"-0.11667","51.5","1867/01/01","City of Westminster","2"
"-0.11667","51.5","1893/01/01","City of Westminster","1"
"-0.11667","51.5","1872/01/01","City of Westminster","8"
"-0.11667","51.5","1858/01/01","City of Westminster","100"
"-0.11667","51.5","1955/01/01","City of Westminster","5"
"-0.11667","51.5","1868/01/01","City of Westminster","5"
"-0.11667","51.5","1935/01/01","City of Westminster","1"
"-0.11667","51.5","1897/01/01","City of Westminster","2"
"-0.11667","51.5","1896/01/01","City of Westminster","7"
"-0.11667","51.5","1861/01/01","City of Westminster","10"
"-0.11667","51.5","1874/01/01","City of Westminster","13"
"-0.11667","51.5","1906/01/01","City of Westminster","4"
"-0.11667","51.5","1900/01/01","City of Westminster","2"
"-0.11667","51.5","1920/01/01","City of Westminster","2"
"-0.11667","51.5","1879/01/01","City of Westminster","10"
"-0.11667","51.5","1889/01/01","City of Westminster","2"
"-0.11667","51.5","1856/01/01","City of Westminster","3"
"-0.11667","51.5","1921/01/01","City of Westminster","4"
"-0.11667","51.5","1960/01/01","City of Westminster","7"
"-0.11667","51.5","1898/01/01","City of Westminster","19"
"-0.11667","51.5","1911/01/01","City of Westminster","5"
"-0.11667","51.5","1857/01/01","City of Westminster","10"
"-0.11667","51.5","1970/01/01","City of Westminster","6"
"-0.11667","51.5","1869/01/01","City of Westminster","7"
"-0.11667","51.5","1902/01/01","City of Westminster","2"
"-0.11667","51.5","1949/01/01","City of Westminster","7"
"-0.11667","51.5","1882/01/01","City of Westminster","3"
"","","1960/01/01","Sutton","3"
"","","1925/01/01","Sutton","1"
"","","1903/01/01","Sutton","1"
"","","1939/01/01","Sutton","1"
"","","1966/01/01","Sutton","1"
"","","1959/01/01","Sutton","1"
"","","1962/01/01","Sutton","3"
"","","1938/01/01","Sutton","1"
"","","1957/01/01","Sutton","2"
"","","1965/01/01","Sutton","2"
"","","1971/01/01","Sutton","1"
"","","1958/01/01","Sutton","1"
"","","1964/01/01","Sutton","1"
"","","1972/01/01","Sutton","3"
"","","1950/01/01","Sutton","1"
"","","1961/01/01","Sutton","3"
"","","1954/01/01","Sutton","2"
"","","1956/01/01","Sutton","1"
"","","1963/01/01","Sutton","2"
"","","1937/01/01","Sutton","1"
"-0.333294540643692","51.59336280822754","1936/01/01","Harrow","1"
"-0.333294540643692","51.59336280822754","1935/01/01","Harrow","2"
"-0.333294540643692","51.59336280822754","1925/01/01","Harrow","1"
"-0.333294540643692","51.59336280822754","1943/01/01","Harrow","1"
"-0.333294540643692","51.59336280822754","1956/01/01","Harrow","2"
"-0.333294540643692","51.59336280822754","1966/01/01","Harrow","1"
"-0.333294540643692","51.59336280822754","1968/01/01","Harrow","1"
"-0.333294540643692","51.59336280822754","1959/01/01","Harrow","2"
"-0.333294540643692","51.59336280822754","1938/01/01","Harrow","1"
"-0.333294540643692","51.59336280822754","1957/01/01","Harrow","2"
"-0.333294540643692","51.59336280822754","1965/01/01","Harrow","1"
"-0.333294540643692","51.59336280822754","1921/01/01","Harrow","1"
"-0.333294540643692","51.59336280822754","1964/01/01","Harrow","1"
"-0.333294540643692","51.59336280822754","1945/01/01","Harrow","1"
"-0.333294540643692","51.59336280822754","1963/01/01","Harrow","1"
"-0.333294540643692","51.59336280822754","1898/01/01","Harrow","1"
"-0.333294540643692","51.59336280822754","1911/01/01","Harrow","1"
"-0.333294540643692","51.59336280822754","1972/01/01","Harrow","1"
"-0.333294540643692","51.59336280822754","1948/01/01","Harrow","1"
"-0.333294540643692","51.59336280822754","1960/01/01","Harrow","1"
"-0.333294540643692","51.59336280822754","1946/01/01","Harrow","1"
"-0.333294540643692","51.59336280822754","1970/01/01","Harrow","1"
"-0.333294540643692","51.59336280822754","1958/01/01","Harrow","1"
"-0.333294540643692","51.59336280822754","1962/01/01","Harrow","1"
"-0.333294540643692","51.59336280822754","1969/01/01","Harrow","1"
"-0.333294540643692","51.59336280822754","1971/01/01","Harrow","3"
"-0.333294540643692","51.59336280822754","1961/01/01","Harrow","1"
"-0.333294540643692","51.59336280822754","1967/01/01","Harrow","1"
"-0.333294540643692","51.59336280822754","1954/01/01","Harrow","1"
"-0.333294540643692","51.59336280822754","1973/01/01","Harrow","1"
"-0.333294540643692","51.59336280822754","1944/01/01","Harrow","2"
"-0.333294540643692","51.59336280822754","1955/01/01","Harrow","1"
"-0.333294540643692","51.59336280822754","1937/01/01","Harrow","5"
"-0.43250036239624023","51.53482627868652","1935/01/01","Hillingdon","1"
"-0.43250036239624023","51.53482627868652","1973/01/01","Hillingdon","2"
"-0.43250036239624023","51.53482627868652","1925/01/01","Hillingdon","1"
"-0.43250036239624023","51.53482627868652","1896/01/01","Hillingdon","1"
"-0.43250036239624023","51.53482627868652","1953/01/01","Hillingdon","3"
"-0.43250036239624023","51.53482627868652","1968/01/01","Hillingdon","1"
"-0.43250036239624023","51.53482627868652","1949/01/01","Hillingdon","1"
"-0.43250036239624023","51.53482627868652","1959/01/01","Hillingdon","2"
"-0.43250036239624023","51.53482627868652","1957/01/01","Hillingdon","1"
"-0.43250036239624023","51.53482627868652","1921/01/01","Hillingdon","2"
"-0.43250036239624023","51.53482627868652","1964/01/01","Hillingdon","3"
"-0.43250036239624023","51.53482627868652","1972/01/01","Hillingdon","5"
"-0.43250036239624023","51.53482627868652","1950/01/01","Hillingdon","2"
"-0.43250036239624023","51.53482627868652","1956/01/01","Hillingdon","2"
"-0.43250036239624023","51.53482627868652","1913/01/01","Hillingdon","2"
"-0.43250036239624023","51.53482627868652","1963/01/01","Hillingdon","4"
"-0.43250036239624023","51.53482627868652","1952/01/01","Hillingdon","2"
"-0.43250036239624023","51.53482627868652","1919/01/01","Hillingdon","1"
"-0.43250036239624023","51.53482627868652","1960/01/01","Hillingdon","1"
"-0.43250036239624023","51.53482627868652","1951/01/01","Hillingdon","2"
"-0.43250036239624023","51.53482627868652","1970/01/01","Hillingdon","6"
"-0.43250036239624023","51.53482627868652","1958/01/01","Hillingdon","2"
"-0.43250036239624023","51.53482627868652","1962/01/01","Hillingdon","3"
"-0.43250036239624023","51.53482627868652","1969/01/01","Hillingdon","1"
"-0.43250036239624023","51.53482627868652","1971/01/01","Hillingdon","12"
"-0.43250036239624023","51.53482627868652","1961/01/01","Hillingdon","3"
"-0.43250036239624023","51.53482627868652","1967/01/01","Hillingdon","1"
"-0.43250036239624023","51.53482627868652","1908/01/01","Hillingdon","1"
"-0.43250036239624023","51.53482627868652","1954/01/01","Hillingdon","3"
"-0.43250036239624023","51.53482627868652","1955/01/01","Hillingdon","3"
"-0.2","51.65","1935/01/01","Barnet","1"
"-0.2","51.65","1936/01/01","Barnet","1"
"-0.2","51.65","1894/01/01","Barnet","8"
"-0.2","51.65","1896/01/01","Barnet","1"
"-0.2","51.65","1943/01/01","Barnet","1"
"-0.2","51.65","1953/01/01","Barnet","2"
"-0.2","51.65","1964/01/01","Barnet","1"
"-0.2","51.65","1959/01/01","Barnet","5"
"-0.2","51.65","1928/01/01","Barnet","1"
"-0.2","51.65","1938/01/01","Barnet","2"
"-0.2","51.65","1913/01/01","Barnet","1"
"-0.2","51.65","1957/01/01","Barnet","1"
"-0.2","51.65","1958/01/01","Barnet","1"
"-0.2","51.65","1945/01/01","Barnet","2"
"-0.2","51.65","1942/01/01","Barnet","1"
"-0.2","51.65","1904/01/01","Barnet","2"
"-0.2","51.65","1963/01/01","Barnet","1"
"-0.2","51.65","1956/01/01","Barnet","2"
"-0.2","51.65","1907/01/01","Barnet","1"
"-0.2","51.65","1951/01/01","Barnet","1"
"-0.2","51.65","1948/01/01","Barnet","1"
"-0.2","51.65","1897/01/01","Barnet","3"
"-0.2","51.65","1955/01/01","Barnet","3"
"-0.2","51.65","1960/01/01","Barnet","5"
"-0.2","51.65","1946/01/01","Barnet","1"
"-0.2","51.65","1925/01/01","Barnet","2"
"-0.2","51.65","1911/01/01","Barnet","7"
"-0.2","51.65","1962/01/01","Barnet","3"
"-0.2","51.65","1934/01/01","Barnet","1"
"-0.2","51.65","1915/01/01","Barnet","1"
"-0.2","51.65","1905/01/01","Barnet","1"
"-0.2","51.65","1950/01/01","Barnet","1"
"-0.2","51.65","1895/01/01","Barnet","7"
"-0.2","51.65","1947/01/01","Barnet","3"
"-0.2","51.65","1961/01/01","Barnet","3"
"-0.2","51.65","1914/01/01","Barnet","2"
"-0.2","51.65","1910/01/01","Barnet","1"
"-0.2","51.65","1908/01/01","Barnet","3"
"-0.2","51.65","1954/01/01","Barnet","1"
"-0.2","51.65","1944/01/01","Barnet","1"
"-0.2","51.65","1949/01/01","Barnet","1"
"-0.2","51.65","1937/01/01","Barnet","4"
"0.08523288555443287","51.58426856994629","1936/01/01","Redbridge","1"
"0.08523288555443287","51.58426856994629","1935/01/01","Redbridge","1"
"0.08523288555443287","51.58426856994629","1925/01/01","Redbridge","2"
"0.08523288555443287","51.58426856994629","1953/01/01","Redbridge","2"
"0.08523288555443287","51.58426856994629","1928/01/01","Redbridge","1"
"0.08523288555443287","51.58426856994629","1931/01/01","Redbridge","1"
"0.08523288555443287","51.58426856994629","1957/01/01","Redbridge","2"
"0.08523288555443287","51.58426856994629","1938/01/01","Redbridge","1"
"0.08523288555443287","51.58426856994629","1964/01/01","Redbridge","1"
"0.08523288555443287","51.58426856994629","1945/01/01","Redbridge","2"
"0.08523288555443287","51.58426856994629","1963/01/01","Redbridge","3"
"0.08523288555443287","51.58426856994629","1913/01/01","Redbridge","3"
"0.08523288555443287","51.58426856994629","1950/01/01","Redbridge","2"
"0.08523288555443287","51.58426856994629","1948/01/01","Redbridge","3"
"0.08523288555443287","51.58426856994629","1923/01/01","Redbridge","1"
"0.08523288555443287","51.58426856994629","1960/01/01","Redbridge","5"
"0.08523288555443287","51.58426856994629","1951/01/01","Redbridge","3"
"0.08523288555443287","51.58426856994629","1909/01/01","Redbridge","2"
"0.08523288555443287","51.58426856994629","1962/01/01","Redbridge","5"
"0.08523288555443287","51.58426856994629","1919/01/01","Redbridge","1"
"0.08523288555443287","51.58426856994629","1965/01/01","Redbridge","2"
"0.08523288555443287","51.58426856994629","1946/01/01","Redbridge","2"
"0.08523288555443287","51.58426856994629","1905/01/01","Redbridge","2"
"0.08523288555443287","51.58426856994629","1961/01/01","Redbridge","4"
"0.08523288555443287","51.58426856994629","1968/01/01","Redbridge","2"
"0.08523288555443287","51.58426856994629","1930/01/01","Redbridge","1"
"0.08523288555443287","51.58426856994629","1955/01/01","Redbridge","2"
"0.08523288555443287","51.58426856994629","1937/01/01","Redbridge","1"
"0.08523288555443287","51.58426856994629","1941/01/01","Redbridge","1"
"0.08523288555443287","51.58426856994629","1897/01/01","Redbridge","2"
"0.08523288555443287","51.58426856994629","1896/01/01","Redbridge","1"
"0.08523288555443287","51.58426856994629","1943/01/01","Redbridge","1"
"0.08523288555443287","51.58426856994629","1966/01/01","Redbridge","2"
"0.08523288555443287","51.58426856994629","1906/01/01","Redbridge","3"
"0.08523288555443287","51.58426856994629","1900/01/01","Redbridge","2"
"0.08523288555443287","51.58426856994629","1920/01/01","Redbridge","1"
"0.08523288555443287","51.58426856994629","1958/01/01","Redbridge","3"
"0.08523288555443287","51.58426856994629","1929/01/01","Redbridge","1"
"0.08523288555443287","51.58426856994629","1972/01/01","Redbridge","2"
"0.08523288555443287","51.58426856994629","1942/01/01","Redbridge","1"
"0.08523288555443287","51.58426856994629","1956/01/01","Redbridge","2"
"0.08523288555443287","51.58426856994629","1911/01/01","Redbridge","1"
"0.08523288555443287","51.58426856994629","1959/01/01","Redbridge","1"
"0.08523288555443287","51.58426856994629","1952/01/01","Redbridge","5"
"0.08523288555443287","51.58426856994629","1912/01/01","Redbridge","3"
"0.08523288555443287","51.58426856994629","1970/01/01","Redbridge","1"
"0.08523288555443287","51.58426856994629","1939/01/01","Redbridge","2"
"0.08523288555443287","51.58426856994629","1915/01/01","Redbridge","1"
"0.08523288555443287","51.58426856994629","1969/01/01","Redbridge","3"
"0.08523288555443287","51.58426856994629","1971/01/01","Redbridge","2"
"0.08523288555443287","51.58426856994629","1947/01/01","Redbridge","2"
"0.08523288555443287","51.58426856994629","1924/01/01","Redbridge","2"
"0.08523288555443287","51.58426856994629","1967/01/01","Redbridge","2"
"0.08523288555443287","51.58426856994629","1954/01/01","Redbridge","1"
"0.08523288555443287","51.58426856994629","1944/01/01","Redbridge","1"
"0.08523288555443287","51.58426856994629","1949/01/01","Redbridge","2"
"-0.012551845982670784","51.59951210021973","1935/01/01","Waltham Forest","4"
"-0.012551845982670784","51.59951210021973","1925/01/01","Waltham Forest","1"
"-0.012551845982670784","51.59951210021973","1896/01/01","Waltham Forest","1"
"-0.012551845982670784","51.59951210021973","1943/01/01","Waltham Forest","1"
"-0.012551845982670784","51.59951210021973","1953/01/01","Waltham Forest","2"
"-0.012551845982670784","51.59951210021973","1938/01/01","Waltham Forest","4"
"-0.012551845982670784","51.59951210021973","1920/01/01","Waltham Forest","2"
"-0.012551845982670784","51.59951210021973","1957/01/01","Waltham Forest","2"
"-0.012551845982670784","51.59951210021973","1958/01/01","Waltham Forest","3"
"-0.012551845982670784","51.59951210021973","1918/01/01","Waltham Forest","1"
"-0.012551845982670784","51.59951210021973","1972/01/01","Waltham Forest","3"
"-0.012551845982670784","51.59951210021973","1904/01/01","Waltham Forest","2"
"-0.012551845982670784","51.59951210021973","1963/01/01","Waltham Forest","2"
"-0.012551845982670784","51.59951210021973","1956/01/01","Waltham Forest","2"
"-0.012551845982670784","51.59951210021973","1950/01/01","Waltham Forest","1"
"-0.012551845982670784","51.59951210021973","1952/01/01","Waltham Forest","2"
"-0.012551845982670784","51.59951210021973","1897/01/01","Waltham Forest","2"
"-0.012551845982670784","51.59951210021973","1960/01/01","Waltham Forest","2"
"-0.012551845982670784","51.59951210021973","1951/01/01","Waltham Forest","2"
"-0.012551845982670784","51.59951210021973","1903/01/01","Waltham Forest","5"
"-0.012551845982670784","51.59951210021973","1962/01/01","Waltham Forest","2"
"-0.012551845982670784","51.59951210021973","1969/01/01","Waltham Forest","1"
"-0.012551845982670784","51.59951210021973","1905/01/01","Waltham Forest","1"
"-0.012551845982670784","51.59951210021973","1961/01/01","Waltham Forest","2"
"-0.012551845982670784","51.59951210021973","1902/01/01","Waltham Forest","7"
"-0.012551845982670784","51.59951210021973","1954/01/01","Waltham Forest","5"
"-0.012551845982670784","51.59951210021973","1955/01/01","Waltham Forest","2"
"-0.10867001116275787","51.4566535949707","1871/01/01","Lambeth","2"
"-0.10867001116275787","51.4566535949707","1936/01/01","Lambeth","1"
"-0.10867001116275787","51.4566535949707","1906/01/01","Lambeth","7"
"-0.10867001116275787","51.4566535949707","1925/01/01","Lambeth","4"
"-0.10867001116275787","51.4566535949707","1877/01/01","Lambeth","2"
"-0.10867001116275787","51.4566535949707","1964/01/01","Lambeth","5"
"-0.10867001116275787","51.4566535949707","1900/01/01","Lambeth","10"
"-0.10867001116275787","51.4566535949707","1959/01/01","Lambeth","2"
"-0.10867001116275787","51.4566535949707","1957/01/01","Lambeth","2"
"-0.10867001116275787","51.4566535949707","1892/01/01","Lambeth","1"
"-0.10867001116275787","51.4566535949707","1866/01/01","Lambeth","3"
"-0.10867001116275787","51.4566535949707","1864/01/01","Lambeth","2"
"-0.10867001116275787","51.4566535949707","1904/01/01","Lambeth","5"
"-0.10867001116275787","51.4566535949707","1963/01/01","Lambeth","1"
"-0.10867001116275787","51.4566535949707","1965/01/01","Lambeth","4"
"-0.10867001116275787","51.4566535949707","1913/01/01","Lambeth","4"
"-0.10867001116275787","51.4566535949707","1914/01/01","Lambeth","4"
"-0.10867001116275787","51.4566535949707","1887/01/01","Lambeth","2"
"-0.10867001116275787","51.4566535949707","1960/01/01","Lambeth","2"
"-0.10867001116275787","51.4566535949707","1951/01/01","Lambeth","3"
"-0.10867001116275787","51.4566535949707","1903/01/01","Lambeth","11"
"-0.10867001116275787","51.4566535949707","1898/01/01","Lambeth","3"
"-0.10867001116275787","51.4566535949707","1919/01/01","Lambeth","4"
"-0.10867001116275787","51.4566535949707","1962/01/01","Lambeth","1"
"-0.10867001116275787","51.4566535949707","1873/01/01","Lambeth","2"
"-0.10867001116275787","51.4566535949707","1905/01/01","Lambeth","5"
"-0.10867001116275787","51.4566535949707","1961/01/01","Lambeth","1"
"-0.10867001116275787","51.4566535949707","1876/01/01","Lambeth","3"
"-0.10867001116275787","51.4566535949707","1867/01/01","Lambeth","2"
"-0.10867001116275787","51.4566535949707","1886/01/01","Lambeth","1"
"-0.10867001116275787","51.4566535949707","1908/01/01","Lambeth","3"
"-0.10867001116275787","51.4566535949707","1872/01/01","Lambeth","2"
"-0.10867001116275787","51.4566535949707","1863/01/01","Lambeth","2"
"-0.10867001116275787","51.4566535949707","1868/01/01","Lambeth","2"
"-0.10867001116275787","51.4566535949707","1935/01/01","Lambeth","1"
"-0.10867001116275787","51.4566535949707","1912/01/01","Lambeth","2"
"-0.10867001116275787","51.4566535949707","1860/01/01","Lambeth","2"
"-0.10867001116275787","51.4566535949707","1894/01/01","Lambeth","6"
"-0.10867001116275787","51.4566535949707","1861/01/01","Lambeth","1"
"-0.10867001116275787","51.4566535949707","1874/01/01","Lambeth","2"
"-0.10867001116275787","51.4566535949707","1966/01/01","Lambeth","1"
"-0.10867001116275787","51.4566535949707","1968/01/01","Lambeth","1"
"-0.10867001116275787","51.4566535949707","1938/01/01","Lambeth","1"
"-0.10867001116275787","51.4566535949707","1899/01/01","Lambeth","5"
"-0.10867001116275787","51.4566535949707","1923/01/01","Lambeth","1"
"-0.10867001116275787","51.4566535949707","1958/01/01","Lambeth","2"
"-0.10867001116275787","51.4566535949707","1918/01/01","Lambeth","2"
"-0.10867001116275787","51.4566535949707","1926/01/01","Lambeth","1"
"-0.10867001116275787","51.4566535949707","1891/01/01","Lambeth","4"
"-0.10867001116275787","51.4566535949707","1933/01/01","Lambeth","1"
"-0.10867001116275787","51.4566535949707","1875/01/01","Lambeth","3"
"-0.10867001116275787","51.4566535949707","1956/01/01","Lambeth","1"
"-0.10867001116275787","51.4566535949707","1907/01/01","Lambeth","4"
"-0.10867001116275787","51.4566535949707","1870/01/01","Lambeth","4"
"-0.10867001116275787","51.4566535949707","1857/01/01","Lambeth","2"
"-0.10867001116275787","51.4566535949707","1917/01/01","Lambeth","3"
"-0.10867001116275787","51.4566535949707","1909/01/01","Lambeth","9"
"-0.10867001116275787","51.4566535949707","1869/01/01","Lambeth","2"
"-0.10867001116275787","51.4566535949707","1884/01/01","Lambeth","4"
"-0.10867001116275787","51.4566535949707","1927/01/01","Lambeth","1"
"-0.10867001116275787","51.4566535949707","1902/01/01","Lambeth","4"
"-0.10867001116275787","51.4566535949707","1967/01/01","Lambeth","3"
"-0.10867001116275787","51.4566535949707","1862/01/01","Lambeth","1"
"-0.10867001116275787","51.4566535949707","1937/01/01","Lambeth","1"
"","","1935/01/01","London County Council","4"
"","","1897/01/01","London County Council","5"
"","","1894/01/01","London County Council","14"
"","","1896/01/01","London County Council","5"
"","","1916/01/01","London County Council","1"
"","","1953/01/01","London County Council","3"
"","","1906/01/01","London County Council","6"
"","","1928/01/01","London County Council","2"
"","","1900/01/01","London County Council","25"
"","","1913/01/01","London County Council","1"
"","","1957/01/01","London County Council","2"
"","","1892/01/01","London County Council","1"
"","","1918/01/01","London County Council","5"
"","","1926/01/01","London County Council","2"
"","","1893/01/01","London County Council","5"
"","","1933/01/01","London County Council","1"
"","","1904/01/01","London County Council","16"
"","","1956/01/01","London County Council","2"
"","","1898/01/01","London County Council","14"
"","","1907/01/01","London County Council","6"
"","","1901/01/01","London County Council","2"
"","","1914/01/01","London County Council","1"
"","","1952/01/01","London County Council","1"
"","","1923/01/01","London County Council","3"
"","","1899/01/01","London County Council","68"
"","","1960/01/01","London County Council","3"
"","","1912/01/01","London County Council","9"
"","","1903/01/01","London County Council","6"
"","","1922/01/01","London County Council","3"
"","","1911/01/01","London County Council","2"
"","","1934/01/01","London County Council","5"
"","","1915/01/01","London County Council","2"
"","","1930/01/01","London County Council","1"
"","","1895/01/01","London County Council","6"
"","","1905/01/01","London County Council","22"
"","","1924/01/01","London County Council","1"
"","","1927/01/01","London County Council","3"
"","","1902/01/01","London County Council","4"
"","","1908/01/01","London County Council","3"
"","","1910/01/01","London County Council","4"
"-0.3390693813562393","51.45499801635742","1935/01/01","Hounslow","2"
"-0.3390693813562393","51.45499801635742","1925/01/01","Hounslow","1"
"-0.3390693813562393","51.45499801635742","1966/01/01","Hounslow","2"
"-0.3390693813562393","51.45499801635742","1931/01/01","Hounslow","3"
"-0.3390693813562393","51.45499801635742","1928/01/01","Hounslow","1"
"-0.3390693813562393","51.45499801635742","1959/01/01","Hounslow","2"
"-0.3390693813562393","51.45499801635742","1920/01/01","Hounslow","1"
"-0.3390693813562393","51.45499801635742","1957/01/01","Hounslow","2"
"-0.3390693813562393","51.45499801635742","1965/01/01","Hounslow","1"
"-0.3390693813562393","51.45499801635742","1921/01/01","Hounslow","1"
"-0.3390693813562393","51.45499801635742","1964/01/01","Hounslow","6"
"-0.3390693813562393","51.45499801635742","1926/01/01","Hounslow","1"
"-0.3390693813562393","51.45499801635742","1930/01/01","Hounslow","1"
"-0.3390693813562393","51.45499801635742","1933/01/01","Hounslow","3"
"-0.3390693813562393","51.45499801635742","1963/01/01","Hounslow","7"
"-0.3390693813562393","51.45499801635742","1956/01/01","Hounslow","2"
"-0.3390693813562393","51.45499801635742","1911/01/01","Hounslow","2"
"-0.3390693813562393","51.45499801635742","1950/01/01","Hounslow","2"
"-0.3390693813562393","51.45499801635742","1948/01/01","Hounslow","1"
"-0.3390693813562393","51.45499801635742","1952/01/01","Hounslow","2"
"-0.3390693813562393","51.45499801635742","1897/01/01","Hounslow","1"
"-0.3390693813562393","51.45499801635742","1960/01/01","Hounslow","3"
"-0.3390693813562393","51.45499801635742","1951/01/01","Hounslow","1"
"-0.3390693813562393","51.45499801635742","1958/01/01","Hounslow","3"
"-0.3390693813562393","51.45499801635742","1962/01/01","Hounslow","6"
"-0.3390693813562393","51.45499801635742","1934/01/01","Hounslow","3"
"-0.3390693813562393","51.45499801635742","1915/01/01","Hounslow","1"
"-0.3390693813562393","51.45499801635742","1955/01/01","Hounslow","1"
"-0.3390693813562393","51.45499801635742","1947/01/01","Hounslow","1"
"-0.3390693813562393","51.45499801635742","1961/01/01","Hounslow","3"
"-0.3390693813562393","51.45499801635742","1927/01/01","Hounslow","1"
"-0.3390693813562393","51.45499801635742","1932/01/01","Hounslow","9"
"-0.3390693813562393","51.45499801635742","1910/01/01","Hounslow","3"
"-0.3390693813562393","51.45499801635742","1949/01/01","Hounslow","2"
"-0.011285774409770966","51.450374603271484","1952/01/01","Lewisham","1"
"-0.011285774409770966","51.450374603271484","1896/01/01","Lewisham","5"
"-0.011285774409770966","51.450374603271484","1859/01/01","Lewisham","7"
"-0.011285774409770966","51.450374603271484","1861/01/01","Lewisham","10"
"-0.011285774409770966","51.450374603271484","1953/01/01","Lewisham","4"
"-0.011285774409770966","51.450374603271484","1968/01/01","Lewisham","1"
"-0.011285774409770966","51.450374603271484","1928/01/01","Lewisham","2"
"-0.011285774409770966","51.450374603271484","1860/01/01","Lewisham","1"
"-0.011285774409770966","51.450374603271484","1957/01/01","Lewisham","1"
"-0.011285774409770966","51.450374603271484","1889/01/01","Lewisham","1"
"-0.011285774409770966","51.450374603271484","1856/01/01","Lewisham","7"
"-0.011285774409770966","51.450374603271484","1867/01/01","Lewisham","1"
"-0.011285774409770966","51.450374603271484","1929/01/01","Lewisham","2"
"-0.011285774409770966","51.450374603271484","1926/01/01","Lewisham","4"
"-0.011285774409770966","51.450374603271484","1904/01/01","Lewisham","26"
"-0.011285774409770966","51.450374603271484","1914/01/01","Lewisham","2"
"-0.011285774409770966","51.450374603271484","1875/01/01","Lewisham","8"
"-0.011285774409770966","51.450374603271484","1950/01/01","Lewisham","3"
"-0.011285774409770966","51.450374603271484","1911/01/01","Lewisham","1"
"-0.011285774409770966","51.450374603271484","1948/01/01","Lewisham","1"
"-0.011285774409770966","51.450374603271484","1857/01/01","Lewisham","16"
"-0.011285774409770966","51.450374603271484","1887/01/01","Lewisham","1"
"-0.011285774409770966","51.450374603271484","1881/01/01","Lewisham","2"
"-0.011285774409770966","51.450374603271484","1863/01/01","Lewisham","4"
"-0.011285774409770966","51.450374603271484","1869/01/01","Lewisham","1"
"-0.011285774409770966","51.450374603271484","1913/01/01","Lewisham","1"
"-0.011285774409770966","51.450374603271484","1883/01/01","Lewisham","2"
"-0.011285774409770966","51.450374603271484","1915/01/01","Lewisham","1"
"-0.011285774409770966","51.450374603271484","1905/01/01","Lewisham","2"
"-0.011285774409770966","51.450374603271484","1884/01/01","Lewisham","2"
"-0.011285774409770966","51.450374603271484","1902/01/01","Lewisham","1"
"-0.011285774409770966","51.450374603271484","1886/01/01","Lewisham","1"
"-0.011285774409770966","51.450374603271484","1864/01/01","Lewisham","5"
"-0.011285774409770966","51.450374603271484","1872/01/01","Lewisham","1"
"-0.011285774409770966","51.450374603271484","1885/01/01","Lewisham","1"
"-0.011285774409770966","51.450374603271484","1858/01/01","Lewisham","6"
"-0.011285774409770966","51.450374603271484","1862/01/01","Lewisham","4"
"0.04637220874428749","51.360843658447266","1925/01/01","Bromley","3"
"0.04637220874428749","51.360843658447266","1966/01/01","Bromley","3"
"0.04637220874428749","51.360843658447266","1968/01/01","Bromley","1"
"0.04637220874428749","51.360843658447266","1959/01/01","Bromley","3"
"0.04637220874428749","51.360843658447266","1920/01/01","Bromley","2"
"0.04637220874428749","51.360843658447266","1960/01/01","Bromley","1"
"0.04637220874428749","51.360843658447266","1972/01/01","Bromley","1"
"0.04637220874428749","51.360843658447266","1951/01/01","Bromley","2"
"0.04637220874428749","51.360843658447266","1950/01/01","Bromley","2"
"0.04637220874428749","51.360843658447266","1965/01/01","Bromley","4"
"0.04637220874428749","51.360843658447266","1911/01/01","Bromley","4"
"0.04637220874428749","51.360843658447266","1963/01/01","Bromley","5"
"0.04637220874428749","51.360843658447266","1914/01/01","Bromley","2"
"0.04637220874428749","51.360843658447266","1958/01/01","Bromley","1"
"0.04637220874428749","51.360843658447266","1909/01/01","Bromley","1"
"0.04637220874428749","51.360843658447266","1970/01/01","Bromley","3"
"0.04637220874428749","51.360843658447266","1898/01/01","Bromley","4"
"0.04637220874428749","51.360843658447266","1913/01/01","Bromley","10"
"0.04637220874428749","51.360843658447266","1962/01/01","Bromley","6"
"0.04637220874428749","51.360843658447266","1934/01/01","Bromley","1"
"0.04637220874428749","51.360843658447266","1905/01/01","Bromley","4"
"0.04637220874428749","51.360843658447266","1969/01/01","Bromley","1"
"0.04637220874428749","51.360843658447266","1971/01/01","Bromley","2"
"0.04637220874428749","51.360843658447266","1947/01/01","Bromley","1"
"0.04637220874428749","51.360843658447266","1961/01/01","Bromley","1"
"0.04637220874428749","51.360843658447266","1908/01/01","Bromley","1"
"0.04637220874428749","51.360843658447266","1910/01/01","Bromley","1"
"0.04637220874428749","51.360843658447266","1949/01/01","Bromley","2"
"-0.1481120465323329","51.62028503417969","1936/01/01","Enfield","2"
"-0.1481120465323329","51.62028503417969","1925/01/01","Enfield","2"
"-0.1481120465323329","51.62028503417969","1968/01/01","Enfield","1"
"-0.1481120465323329","51.62028503417969","1951/01/01","Enfield","1"
"-0.1481120465323329","51.62028503417969","1900/01/01","Enfield","1"
"-0.1481120465323329","51.62028503417969","1920/01/01","Enfield","1"
"-0.1481120465323329","51.62028503417969","1938/01/01","Enfield","1"
"-0.1481120465323329","51.62028503417969","1961/01/01","Enfield","1"
"-0.1481120465323329","51.62028503417969","1921/01/01","Enfield","1"
"-0.1481120465323329","51.62028503417969","1894/01/01","Enfield","1"
"-0.1481120465323329","51.62028503417969","1918/01/01","Enfield","1"
"-0.1481120465323329","51.62028503417969","1916/01/01","Enfield","3"
"-0.1481120465323329","51.62028503417969","1933/01/01","Enfield","2"
"-0.1481120465323329","51.62028503417969","1904/01/01","Enfield","6"
"-0.1481120465323329","51.62028503417969","1963/01/01","Enfield","1"
"-0.1481120465323329","51.62028503417969","1898/01/01","Enfield","1"
"-0.1481120465323329","51.62028503417969","1913/01/01","Enfield","2"
"-0.1481120465323329","51.62028503417969","1914/01/01","Enfield","1"
"-0.1481120465323329","51.62028503417969","1959/01/01","Enfield","1"
"-0.1481120465323329","51.62028503417969","1970/01/01","Enfield","1"
"-0.1481120465323329","51.62028503417969","1960/01/01","Enfield","2"
"-0.1481120465323329","51.62028503417969","1946/01/01","Enfield","1"
"-0.1481120465323329","51.62028503417969","1903/01/01","Enfield","1"
"-0.1481120465323329","51.62028503417969","1971/01/01","Enfield","6"
"-0.1481120465323329","51.62028503417969","1962/01/01","Enfield","1"
"-0.1481120465323329","51.62028503417969","1934/01/01","Enfield","3"
"-0.1481120465323329","51.62028503417969","1915/01/01","Enfield","1"
"-0.1481120465323329","51.62028503417969","1969/01/01","Enfield","2"
"-0.1481120465323329","51.62028503417969","1972/01/01","Enfield","3"
"-0.1481120465323329","51.62028503417969","1905/01/01","Enfield","7"
"-0.1481120465323329","51.62028503417969","1964/01/01","Enfield","1"
"-0.1481120465323329","51.62028503417969","1902/01/01","Enfield","1"
"-0.1481120465323329","51.62028503417969","1906/01/01","Enfield","2"
"-0.1481120465323329","51.62028503417969","1967/01/01","Enfield","1"
"-0.1481120465323329","51.62028503417969","1908/01/01","Enfield","2"
"-0.1481120465323329","51.62028503417969","1956/01/01","Enfield","1"
"-0.1481120465323329","51.62028503417969","1937/01/01","Enfield","1"
"-0.15054083988070488","51.53470993041992","1871/01/01","Camden","2"
"-0.15054083988070488","51.53470993041992","1936/01/01","Camden","2"
"-0.15054083988070488","51.53470993041992","1925/01/01","Camden","5"
"-0.15054083988070488","51.53470993041992","1877/01/01","Camden","1"
"-0.15054083988070488","51.53470993041992","1953/01/01","Camden","1"
"-0.15054083988070488","51.53470993041992","1964/01/01","Camden","2"
"-0.15054083988070488","51.53470993041992","1931/01/01","Camden","1"
"-0.15054083988070488","51.53470993041992","1928/01/01","Camden","6"
"-0.15054083988070488","51.53470993041992","1959/01/01","Camden","1"
"-0.15054083988070488","51.53470993041992","1957/01/01","Camden","2"
"-0.15054083988070488","51.53470993041992","1938/01/01","Camden","3"
"-0.15054083988070488","51.53470993041992","1892/01/01","Camden","10"
"-0.15054083988070488","51.53470993041992","1916/01/01","Camden","2"
"-0.15054083988070488","51.53470993041992","1896/01/01","Camden","1"
"-0.15054083988070488","51.53470993041992","1963/01/01","Camden","2"
"-0.15054083988070488","51.53470993041992","1913/01/01","Camden","4"
"-0.15054083988070488","51.53470993041992","1901/01/01","Camden","1"
"-0.15054083988070488","51.53470993041992","1914/01/01","Camden","6"
"-0.15054083988070488","51.53470993041992","1923/01/01","Camden","3"
"-0.15054083988070488","51.53470993041992","1917/01/01","Camden","2"
"-0.15054083988070488","51.53470993041992","1960/01/01","Camden","1"
"-0.15054083988070488","51.53470993041992","1951/01/01","Camden","1"
"-0.15054083988070488","51.53470993041992","1903/01/01","Camden","7"
"-0.15054083988070488","51.53470993041992","1907/01/01","Camden","4"
"-0.15054083988070488","51.53470993041992","1883/01/01","Camden","1"
"-0.15054083988070488","51.53470993041992","1950/01/01","Camden","1"
"-0.15054083988070488","51.53470993041992","1912/01/01","Camden","4"
"-0.15054083988070488","51.53470993041992","1905/01/01","Camden","13"
"-0.15054083988070488","51.53470993041992","1961/01/01","Camden","1"
"-0.15054083988070488","51.53470993041992","1876/01/01","Camden","5"
"-0.15054083988070488","51.53470993041992","1910/01/01","Camden","2"
"-0.15054083988070488","51.53470993041992","1908/01/01","Camden","5"
"-0.15054083988070488","51.53470993041992","1872/01/01","Camden","1"
"-0.15054083988070488","51.53470993041992","1863/01/01","Camden","2"
"-0.15054083988070488","51.53470993041992","1858/01/01","Camden","5"
"-0.15054083988070488","51.53470993041992","1955/01/01","Camden","4"
"-0.15054083988070488","51.53470993041992","1862/01/01","Camden","2"
"-0.15054083988070488","51.53470993041992","1935/01/01","Camden","1"
"-0.15054083988070488","51.53470993041992","1893/01/01","Camden","1"
"-0.15054083988070488","51.53470993041992","1860/01/01","Camden","4"
"-0.15054083988070488","51.53470993041992","1894/01/01","Camden","2"
"-0.15054083988070488","51.53470993041992","1880/01/01","Camden","2"
"-0.15054083988070488","51.53470993041992","1966/01/01","Camden","1"
"-0.15054083988070488","51.53470993041992","1906/01/01","Camden","4"
"-0.15054083988070488","51.53470993041992","1900/01/01","Camden","1"
"-0.15054083988070488","51.53470993041992","1899/01/01","Camden","3"
"-0.15054083988070488","51.53470993041992","1879/01/01","Camden","1"
"-0.15054083988070488","51.53470993041992","1889/01/01","Camden","5"
"-0.15054083988070488","51.53470993041992","1856/01/01","Camden","10"
"-0.15054083988070488","51.53470993041992","1958/01/01","Camden","1"
"-0.15054083988070488","51.53470993041992","1929/01/01","Camden","1"
"-0.15054083988070488","51.53470993041992","1926/01/01","Camden","7"
"-0.15054083988070488","51.53470993041992","1891/01/01","Camden","2"
"-0.15054083988070488","51.53470993041992","1904/01/01","Camden","8"
"-0.15054083988070488","51.53470993041992","1898/01/01","Camden","1"
"-0.15054083988070488","51.53470993041992","1919/01/01","Camden","1"
"-0.15054083988070488","51.53470993041992","1870/01/01","Camden","2"
"-0.15054083988070488","51.53470993041992","1952/01/01","Camden","1"
"-0.15054083988070488","51.53470993041992","1881/01/01","Camden","2"
"-0.15054083988070488","51.53470993041992","1865/01/01","Camden","1"
"-0.15054083988070488","51.53470993041992","1909/01/01","Camden","1"
"-0.15054083988070488","51.53470993041992","1869/01/01","Camden","1"
"-0.15054083988070488","51.53470993041992","1954/01/01","Camden","1"
"-0.15054083988070488","51.53470993041992","1890/01/01","Camden","1"
"-0.15054083988070488","51.53470993041992","1915/01/01","Camden","1"
"-0.15054083988070488","51.53470993041992","1911/01/01","Camden","4"
"-0.15054083988070488","51.53470993041992","1949/01/01","Camden","1"
"-0.15054083988070488","51.53470993041992","1932/01/01","Camden","3"
"-0.15054083988070488","51.53470993041992","1924/01/01","Camden","3"
"-0.15054083988070488","51.53470993041992","1927/01/01","Camden","2"
"-0.15054083988070488","51.53470993041992","1902/01/01","Camden","10"
"-0.15054083988070488","51.53470993041992","1857/01/01","Camden","3"
"-0.15054083988070488","51.53470993041992","1956/01/01","Camden","2"
"-0.15054083988070488","51.53470993041992","1962/01/01","Camden","1"
"0.05","51.5","1912/01/01","Port of London","2"
"0.05","51.5","1960/01/01","Port of London","1"
"0.05","51.5","1909/01/01","Port of London","6"
"0.05","51.5","1890/01/01","Port of London","1"
"0.05","51.5","1929/01/01","Port of London","9"
"0.05","51.5","1911/01/01","Port of London","4"
"0.05","51.5","1920/01/01","Port of London","1"
"0.05","51.5","1914/01/01","Port of London","1"
"0.047328222543001175","51.462697982788086","1936/01/01","Greenwich","3"
"0.047328222543001175","51.462697982788086","1956/01/01","Greenwich","5"
"0.047328222543001175","51.462697982788086","1953/01/01","Greenwich","9"
"0.047328222543001175","51.462697982788086","1860/01/01","Greenwich","3"
"0.047328222543001175","51.462697982788086","1957/01/01","Greenwich","3"
"0.047328222543001175","51.462697982788086","1938/01/01","Greenwich","2"
"0.047328222543001175","51.462697982788086","1964/01/01","Greenwich","11"
"0.047328222543001175","51.462697982788086","1963/01/01","Greenwich","6"
"0.047328222543001175","51.462697982788086","1965/01/01","Greenwich","6"
"0.047328222543001175","51.462697982788086","1913/01/01","Greenwich","7"
"0.047328222543001175","51.462697982788086","1901/01/01","Greenwich","2"
"0.047328222543001175","51.462697982788086","1948/01/01","Greenwich","1"
"0.047328222543001175","51.462697982788086","1897/01/01","Greenwich","1"
"0.047328222543001175","51.462697982788086","1960/01/01","Greenwich","6"
"0.047328222543001175","51.462697982788086","1951/01/01","Greenwich","5"
"0.047328222543001175","51.462697982788086","1909/01/01","Greenwich","3"
"0.047328222543001175","51.462697982788086","1962/01/01","Greenwich","7"
"0.047328222543001175","51.462697982788086","1934/01/01","Greenwich","6"
"0.047328222543001175","51.462697982788086","1907/01/01","Greenwich","2"
"0.047328222543001175","51.462697982788086","1950/01/01","Greenwich","12"
"0.047328222543001175","51.462697982788086","1895/01/01","Greenwich","3"
"0.047328222543001175","51.462697982788086","1905/01/01","Greenwich","2"
"0.047328222543001175","51.462697982788086","1961/01/01","Greenwich","6"
"0.047328222543001175","51.462697982788086","1914/01/01","Greenwich","1"
"0.047328222543001175","51.462697982788086","1893/01/01","Greenwich","3"
"0.047328222543001175","51.462697982788086","1910/01/01","Greenwich","4"
"0.047328222543001175","51.462697982788086","1955/01/01","Greenwich","4"
"0.047328222543001175","51.462697982788086","1937/01/01","Greenwich","1"
"0.047328222543001175","51.462697982788086","1935/01/01","Greenwich","3"
"0.047328222543001175","51.462697982788086","1894/01/01","Greenwich","1"
"0.047328222543001175","51.462697982788086","1896/01/01","Greenwich","3"
"0.047328222543001175","51.462697982788086","1966/01/01","Greenwich","5"
"0.047328222543001175","51.462697982788086","1968/01/01","Greenwich","4"
"0.047328222543001175","51.462697982788086","1900/01/01","Greenwich","2"
"0.047328222543001175","51.462697982788086","1920/01/01","Greenwich","1"
"0.047328222543001175","51.462697982788086","1932/01/01","Greenwich","4"
"0.047328222543001175","51.462697982788086","1856/01/01","Greenwich","1"
"0.047328222543001175","51.462697982788086","1958/01/01","Greenwich","1"
"0.047328222543001175","51.462697982788086","1929/01/01","Greenwich","3"
"0.047328222543001175","51.462697982788086","1908/01/01","Greenwich","7"
"0.047328222543001175","51.462697982788086","1933/01/01","Greenwich","1"
"0.047328222543001175","51.462697982788086","1904/01/01","Greenwich","1"
"0.047328222543001175","51.462697982788086","1898/01/01","Greenwich","3"
"0.047328222543001175","51.462697982788086","1911/01/01","Greenwich","1"
"0.047328222543001175","51.462697982788086","1959/01/01","Greenwich","4"
"0.047328222543001175","51.462697982788086","1952/01/01","Greenwich","3"
"0.047328222543001175","51.462697982788086","1899/01/01","Greenwich","2"
"0.047328222543001175","51.462697982788086","1912/01/01","Greenwich","2"
"0.047328222543001175","51.462697982788086","1969/01/01","Greenwich","3"
"0.047328222543001175","51.462697982788086","1971/01/01","Greenwich","5"
"0.047328222543001175","51.462697982788086","1855/01/01","Greenwich","2"
"0.047328222543001175","51.462697982788086","1967/01/01","Greenwich","9"
"0.047328222543001175","51.462697982788086","1954/01/01","Greenwich","3"
"0.047328222543001175","51.462697982788086","1949/01/01","Greenwich","10"
"-0.3212539330124855","51.5187931060791","1936/01/01","Ealing","1"
"-0.3212539330124855","51.5187931060791","1941/01/01","Ealing","2"
"-0.3212539330124855","51.5187931060791","1925/01/01","Ealing","1"
"-0.3212539330124855","51.5187931060791","1953/01/01","Ealing","2"
"-0.3212539330124855","51.5187931060791","1928/01/01","Ealing","4"
"-0.3212539330124855","51.5187931060791","1931/01/01","Ealing","1"
"-0.3212539330124855","51.5187931060791","1957/01/01","Ealing","1"
"-0.3212539330124855","51.5187931060791","1938/01/01","Ealing","3"
"-0.3212539330124855","51.5187931060791","1945/01/01","Ealing","1"
"-0.3212539330124855","51.5187931060791","1904/01/01","Ealing","1"
"-0.3212539330124855","51.5187931060791","1913/01/01","Ealing","2"
"-0.3212539330124855","51.5187931060791","1914/01/01","Ealing","2"
"-0.3212539330124855","51.5187931060791","1923/01/01","Ealing","1"
"-0.3212539330124855","51.5187931060791","1958/01/01","Ealing","1"
"-0.3212539330124855","51.5187931060791","1903/01/01","Ealing","3"
"-0.3212539330124855","51.5187931060791","1971/01/01","Ealing","1"
"-0.3212539330124855","51.5187931060791","1911/01/01","Ealing","3"
"-0.3212539330124855","51.5187931060791","1934/01/01","Ealing","3"
"-0.3212539330124855","51.5187931060791","1907/01/01","Ealing","3"
"-0.3212539330124855","51.5187931060791","1946/01/01","Ealing","1"
"-0.3212539330124855","51.5187931060791","1905/01/01","Ealing","1"
"-0.3212539330124855","51.5187931060791","1930/01/01","Ealing","1"
"-0.3212539330124855","51.5187931060791","1910/01/01","Ealing","1"
"-0.3212539330124855","51.5187931060791","1955/01/01","Ealing","1"
"-0.3212539330124855","51.5187931060791","1940/01/01","Ealing","1"
"-0.3212539330124855","51.5187931060791","1937/01/01","Ealing","1"
"-0.3212539330124855","51.5187931060791","1935/01/01","Ealing","4"
"-0.3212539330124855","51.5187931060791","1897/01/01","Ealing","3"
"-0.3212539330124855","51.5187931060791","1943/01/01","Ealing","1"
"-0.3212539330124855","51.5187931060791","1906/01/01","Ealing","7"
"-0.3212539330124855","51.5187931060791","1900/01/01","Ealing","2"
"-0.3212539330124855","51.5187931060791","1960/01/01","Ealing","2"
"-0.3212539330124855","51.5187931060791","1929/01/01","Ealing","4"
"-0.3212539330124855","51.5187931060791","1926/01/01","Ealing","2"
"-0.3212539330124855","51.5187931060791","1908/01/01","Ealing","2"
"-0.3212539330124855","51.5187931060791","1933/01/01","Ealing","2"
"-0.3212539330124855","51.5187931060791","1942/01/01","Ealing","1"
"-0.3212539330124855","51.5187931060791","1956/01/01","Ealing","1"
"-0.3212539330124855","51.5187931060791","1919/01/01","Ealing","6"
"-0.3212539330124855","51.5187931060791","1959/01/01","Ealing","1"
"-0.3212539330124855","51.5187931060791","1909/01/01","Ealing","2"
"-0.3212539330124855","51.5187931060791","1939/01/01","Ealing","3"
"-0.3212539330124855","51.5187931060791","1915/01/01","Ealing","1"
"-0.3212539330124855","51.5187931060791","1932/01/01","Ealing","1"
"-0.3212539330124855","51.5187931060791","1927/01/01","Ealing","9"
"-0.3212539330124855","51.5187931060791","1902/01/01","Ealing","1"
"-0.3212539330124855","51.5187931060791","1967/01/01","Ealing","2"
"-0.3212539330124855","51.5187931060791","1954/01/01","Ealing","2"
"-0.3212539330124855","51.5187931060791","1944/01/01","Ealing","1"
"-0.3212539330124855","51.5187931060791","1949/01/01","Ealing","1"
"-0.06552019063383341","51.46538543701172","1871/01/01","Southwark","9"
"-0.06552019063383341","51.46538543701172","1936/01/01","Southwark","1"
"-0.06552019063383341","51.46538543701172","1925/01/01","Southwark","1"
"-0.06552019063383341","51.46538543701172","1953/01/01","Southwark","4"
"-0.06552019063383341","51.46538543701172","1964/01/01","Southwark","1"
"-0.06552019063383341","51.46538543701172","1900/01/01","Southwark","1"
"-0.06552019063383341","51.46538543701172","1860/01/01","Southwark","20"
"-0.06552019063383341","51.46538543701172","1957/01/01","Southwark","1"
"-0.06552019063383341","51.46538543701172","1965/01/01","Southwark","1"
"-0.06552019063383341","51.46538543701172","1892/01/01","Southwark","2"
"-0.06552019063383341","51.46538543701172","1864/01/01","Southwark","8"
"-0.06552019063383341","51.46538543701172","1897/01/01","Southwark","2"
"-0.06552019063383341","51.46538543701172","1880/01/01","Southwark","6"
"-0.06552019063383341","51.46538543701172","1963/01/01","Southwark","1"
"-0.06552019063383341","51.46538543701172","1895/01/01","Southwark","9"
"-0.06552019063383341","51.46538543701172","1913/01/01","Southwark","11"
"-0.06552019063383341","51.46538543701172","1950/01/01","Southwark","6"
"-0.06552019063383341","51.46538543701172","1914/01/01","Southwark","16"
"-0.06552019063383341","51.46538543701172","1923/01/01","Southwark","1"
"-0.06552019063383341","51.46538543701172","1960/01/01","Southwark","2"
"-0.06552019063383341","51.46538543701172","1951/01/01","Southwark","3"
"-0.06552019063383341","51.46538543701172","1903/01/01","Southwark","7"
"-0.06552019063383341","51.46538543701172","1898/01/01","Southwark","6"
"-0.06552019063383341","51.46538543701172","1883/01/01","Southwark","2"
"-0.06552019063383341","51.46538543701172","1912/01/01","Southwark","10"
"-0.06552019063383341","51.46538543701172","1873/01/01","Southwark","1"
"-0.06552019063383341","51.46538543701172","1946/01/01","Southwark","2"
"-0.06552019063383341","51.46538543701172","1905/01/01","Southwark","4"
"-0.06552019063383341","51.46538543701172","1924/01/01","Southwark","2"
"-0.06552019063383341","51.46538543701172","1876/01/01","Southwark","1"
"-0.06552019063383341","51.46538543701172","1948/01/01","Southwark","1"
"-0.06552019063383341","51.46538543701172","1968/01/01","Southwark","1"
"-0.06552019063383341","51.46538543701172","1886/01/01","Southwark","1"
"-0.06552019063383341","51.46538543701172","1908/01/01","Southwark","3"
"-0.06552019063383341","51.46538543701172","1872/01/01","Southwark","1"
"-0.06552019063383341","51.46538543701172","1863/01/01","Southwark","1"
"-0.06552019063383341","51.46538543701172","1910/01/01","Southwark","1"
"-0.06552019063383341","51.46538543701172","1867/01/01","Southwark","1"
"-0.06552019063383341","51.46538543701172","1935/01/01","Southwark","3"
"-0.06552019063383341","51.46538543701172","1887/01/01","Southwark","3"
"-0.06552019063383341","51.46538543701172","1894/01/01","Southwark","5"
"-0.06552019063383341","51.46538543701172","1896/01/01","Southwark","12"
"-0.06552019063383341","51.46538543701172","1874/01/01","Southwark","2"
"-0.06552019063383341","51.46538543701172","1906/01/01","Southwark","9"
"-0.06552019063383341","51.46538543701172","1938/01/01","Southwark","6"
"-0.06552019063383341","51.46538543701172","1917/01/01","Southwark","1"
"-0.06552019063383341","51.46538543701172","1879/01/01","Southwark","3"
"-0.06552019063383341","51.46538543701172","1856/01/01","Southwark","43"
"-0.06552019063383341","51.46538543701172","1958/01/01","Southwark","2"
"-0.06552019063383341","51.46538543701172","1929/01/01","Southwark","2"
"-0.06552019063383341","51.46538543701172","1859/01/01","Southwark","60"
"-0.06552019063383341","51.46538543701172","1893/01/01","Southwark","2"
"-0.06552019063383341","51.46538543701172","1933/01/01","Southwark","3"
"-0.06552019063383341","51.46538543701172","1904/01/01","Southwark","3"
"-0.06552019063383341","51.46538543701172","1956/01/01","Southwark","6"
"-0.06552019063383341","51.46538543701172","1907/01/01","Southwark","9"
"-0.06552019063383341","51.46538543701172","1952/01/01","Southwark","2"
"-0.06552019063383341","51.46538543701172","1881/01/01","Southwark","1"
"-0.06552019063383341","51.46538543701172","1865/01/01","Southwark","1"
"-0.06552019063383341","51.46538543701172","1885/01/01","Southwark","2"
"-0.06552019063383341","51.46538543701172","1909/01/01","Southwark","3"
"-0.06552019063383341","51.46538543701172","1970/01/01","Southwark","2"
"-0.06552019063383341","51.46538543701172","1869/01/01","Southwark","1"
"-0.06552019063383341","51.46538543701172","1888/01/01","Southwark","4"
"-0.06552019063383341","51.46538543701172","1858/01/01","Southwark","59"
"-0.06552019063383341","51.46538543701172","1915/01/01","Southwark","2"
"-0.06552019063383341","51.46538543701172","1899/01/01","Southwark","3"
"-0.06552019063383341","51.46538543701172","1875/01/01","Southwark","4"
"-0.06552019063383341","51.46538543701172","1947/01/01","Southwark","2"
"-0.06552019063383341","51.46538543701172","1884/01/01","Southwark","5"
"-0.06552019063383341","51.46538543701172","1902/01/01","Southwark","3"
"-0.06552019063383341","51.46538543701172","1857/01/01","Southwark","68"
"-0.06552019063383341","51.46538543701172","1954/01/01","Southwark","2"
"-0.06552019063383341","51.46538543701172","1937/01/01","Southwark","3"
"-0.06552019063383341","51.46538543701172","1944/01/01","Southwark","1"
"-0.06552019063383341","51.46538543701172","1949/01/01","Southwark","3"
"-0.06552019063383341","51.46538543701172","1878/01/01","Southwark","2"
"-0.06552019063383341","51.46538543701172","1882/01/01","Southwark","4"
"-0.09633226785808802","51.583919525146484","1897/01/01","Haringey","4"
"-0.09633226785808802","51.583919525146484","1925/01/01","Haringey","2"
"-0.09633226785808802","51.583919525146484","1953/01/01","Haringey","1"
"-0.09633226785808802","51.583919525146484","1966/01/01","Haringey","1"
"-0.09633226785808802","51.583919525146484","1906/01/01","Haringey","1"
"-0.09633226785808802","51.583919525146484","1959/01/01","Haringey","2"
"-0.09633226785808802","51.583919525146484","1938/01/01","Haringey","1"
"-0.09633226785808802","51.583919525146484","1945/01/01","Haringey","1"
"-0.09633226785808802","51.583919525146484","1950/01/01","Haringey","3"
"-0.09633226785808802","51.583919525146484","1956/01/01","Haringey","5"
"-0.09633226785808802","51.583919525146484","1911/01/01","Haringey","1"
"-0.09633226785808802","51.583919525146484","1972/01/01","Haringey","1"
"-0.09633226785808802","51.583919525146484","1948/01/01","Haringey","3"
"-0.09633226785808802","51.583919525146484","1952/01/01","Haringey","3"
"-0.09633226785808802","51.583919525146484","1923/01/01","Haringey","2"
"-0.09633226785808802","51.583919525146484","1960/01/01","Haringey","1"
"-0.09633226785808802","51.583919525146484","1951/01/01","Haringey","4"
"-0.09633226785808802","51.583919525146484","1898/01/01","Haringey","1"
"-0.09633226785808802","51.583919525146484","1895/01/01","Haringey","1"
"-0.09633226785808802","51.583919525146484","1967/01/01","Haringey","2"
"-0.09633226785808802","51.583919525146484","1893/01/01","Haringey","1"
"-0.09633226785808802","51.583919525146484","1954/01/01","Haringey","2"
"-0.09633226785808802","51.583919525146484","1955/01/01","Haringey","1"
"-0.26990047842264175","51.37877655029297","1936/01/01","Kingston upon Thames","1"
"-0.26990047842264175","51.37877655029297","1925/01/01","Kingston upon Thames","4"
"-0.26990047842264175","51.37877655029297","1953/01/01","Kingston upon Thames","3"
"-0.26990047842264175","51.37877655029297","1928/01/01","Kingston upon Thames","2"
"-0.26990047842264175","51.37877655029297","1931/01/01","Kingston upon Thames","2"
"-0.26990047842264175","51.37877655029297","1957/01/01","Kingston upon Thames","1"
"-0.26990047842264175","51.37877655029297","1964/01/01","Kingston upon Thames","2"
"-0.26990047842264175","51.37877655029297","1945/01/01","Kingston upon Thames","1"
"-0.26990047842264175","51.37877655029297","1942/01/01","Kingston upon Thames","2"
"-0.26990047842264175","51.37877655029297","1963/01/01","Kingston upon Thames","3"
"-0.26990047842264175","51.37877655029297","1965/01/01","Kingston upon Thames","1"
"-0.26990047842264175","51.37877655029297","1913/01/01","Kingston upon Thames","1"
"-0.26990047842264175","51.37877655029297","1972/01/01","Kingston upon Thames","1"
"-0.26990047842264175","51.37877655029297","1948/01/01","Kingston upon Thames","3"
"-0.26990047842264175","51.37877655029297","1897/01/01","Kingston upon Thames","1"
"-0.26990047842264175","51.37877655029297","1960/01/01","Kingston upon Thames","3"
"-0.26990047842264175","51.37877655029297","1951/01/01","Kingston upon Thames","4"
"-0.26990047842264175","51.37877655029297","1903/01/01","Kingston upon Thames","4"
"-0.26990047842264175","51.37877655029297","1919/01/01","Kingston upon Thames","1"
"-0.26990047842264175","51.37877655029297","1962/01/01","Kingston upon Thames","4"
"-0.26990047842264175","51.37877655029297","1934/01/01","Kingston upon Thames","6"
"-0.26990047842264175","51.37877655029297","1908/01/01","Kingston upon Thames","11"
"-0.26990047842264175","51.37877655029297","1950/01/01","Kingston upon Thames","1"
"-0.26990047842264175","51.37877655029297","1895/01/01","Kingston upon Thames","11"
"-0.26990047842264175","51.37877655029297","1946/01/01","Kingston upon Thames","2"
"-0.26990047842264175","51.37877655029297","1905/01/01","Kingston upon Thames","5"
"-0.26990047842264175","51.37877655029297","1961/01/01","Kingston upon Thames","1"
"-0.26990047842264175","51.37877655029297","1914/01/01","Kingston upon Thames","1"
"-0.26990047842264175","51.37877655029297","1906/01/01","Kingston upon Thames","2"
"-0.26990047842264175","51.37877655029297","1932/01/01","Kingston upon Thames","3"
"-0.26990047842264175","51.37877655029297","1955/01/01","Kingston upon Thames","1"
"-0.26990047842264175","51.37877655029297","1937/01/01","Kingston upon Thames","2"
"-0.26990047842264175","51.37877655029297","1935/01/01","Kingston upon Thames","1"
"-0.26990047842264175","51.37877655029297","1973/01/01","Kingston upon Thames","1"
"-0.26990047842264175","51.37877655029297","1894/01/01","Kingston upon Thames","1"
"-0.26990047842264175","51.37877655029297","1943/01/01","Kingston upon Thames","1"
"-0.26990047842264175","51.37877655029297","1966/01/01","Kingston upon Thames","1"
"-0.26990047842264175","51.37877655029297","1968/01/01","Kingston upon Thames","1"
"-0.26990047842264175","51.37877655029297","1938/01/01","Kingston upon Thames","2"
"-0.26990047842264175","51.37877655029297","1958/01/01","Kingston upon Thames","1"
"-0.26990047842264175","51.37877655029297","1929/01/01","Kingston upon Thames","2"
"-0.26990047842264175","51.37877655029297","1926/01/01","Kingston upon Thames","4"
"-0.26990047842264175","51.37877655029297","1930/01/01","Kingston upon Thames","2"
"-0.26990047842264175","51.37877655029297","1933/01/01","Kingston upon Thames","1"
"-0.26990047842264175","51.37877655029297","1904/01/01","Kingston upon Thames","1"
"-0.26990047842264175","51.37877655029297","1956/01/01","Kingston upon Thames","1"
"-0.26990047842264175","51.37877655029297","1911/01/01","Kingston upon Thames","2"
"-0.26990047842264175","51.37877655029297","1959/01/01","Kingston upon Thames","3"
"-0.26990047842264175","51.37877655029297","1952/01/01","Kingston upon Thames","2"
"-0.26990047842264175","51.37877655029297","1909/01/01","Kingston upon Thames","1"
"-0.26990047842264175","51.37877655029297","1970/01/01","Kingston upon Thames","1"
"-0.26990047842264175","51.37877655029297","1939/01/01","Kingston upon Thames","4"
"-0.26990047842264175","51.37877655029297","1969/01/01","Kingston upon Thames","1"
"-0.26990047842264175","51.37877655029297","1971/01/01","Kingston upon Thames","1"
"-0.26990047842264175","51.37877655029297","1947/01/01","Kingston upon Thames","2"
"-0.26990047842264175","51.37877655029297","1927/01/01","Kingston upon Thames","2"
"-0.26990047842264175","51.37877655029297","1967/01/01","Kingston upon Thames","1"
"-0.26990047842264175","51.37877655029297","1954/01/01","Kingston upon Thames","2"
"-0.26990047842264175","51.37877655029297","1944/01/01","Kingston upon Thames","2"
"0.24210962653160095","51.5558967590332","1966/01/01","Havering","2"
"0.24210962653160095","51.5558967590332","1968/01/01","Havering","4"
"0.24210962653160095","51.5558967590332","1959/01/01","Havering","2"
"0.24210962653160095","51.5558967590332","1957/01/01","Havering","1"
"0.24210962653160095","51.5558967590332","1938/01/01","Havering","1"
"0.24210962653160095","51.5558967590332","1958/01/01","Havering","2"
"0.24210962653160095","51.5558967590332","1904/01/01","Havering","1"
"0.24210962653160095","51.5558967590332","1963/01/01","Havering","1"
"0.24210962653160095","51.5558967590332","1964/01/01","Havering","2"
"0.24210962653160095","51.5558967590332","1913/01/01","Havering","5"
"0.24210962653160095","51.5558967590332","1948/01/01","Havering","1"
"0.24210962653160095","51.5558967590332","1960/01/01","Havering","2"
"0.24210962653160095","51.5558967590332","1909/01/01","Havering","2"
"0.24210962653160095","51.5558967590332","1970/01/01","Havering","2"
"0.24210962653160095","51.5558967590332","1962/01/01","Havering","1"
"0.24210962653160095","51.5558967590332","1955/01/01","Havering","1"
"0.24210962653160095","51.5558967590332","1971/01/01","Havering","1"
"0.24210962653160095","51.5558967590332","1961/01/01","Havering","4"
"0.24210962653160095","51.5558967590332","1900/01/01","Havering","1"
"0.24210962653160095","51.5558967590332","1967/01/01","Havering","1"
"0.24210962653160095","51.5558967590332","1956/01/01","Havering","5"
"0.24210962653160095","51.5558967590332","1973/01/01","Havering","1"
"0.044253474567085505","51.52729415893555","1936/01/01","Newham","2"
"0.044253474567085505","51.52729415893555","1925/01/01","Newham","2"
"0.044253474567085505","51.52729415893555","1953/01/01","Newham","1"
"0.044253474567085505","51.52729415893555","1906/01/01","Newham","1"
"0.044253474567085505","51.52729415893555","1931/01/01","Newham","4"
"0.044253474567085505","51.52729415893555","1928/01/01","Newham","1"
"0.044253474567085505","51.52729415893555","1900/01/01","Newham","2"
"0.044253474567085505","51.52729415893555","1920/01/01","Newham","1"
"0.044253474567085505","51.52729415893555","1918/01/01","Newham","2"
"0.044253474567085505","51.52729415893555","1926/01/01","Newham","2"
"0.044253474567085505","51.52729415893555","1933/01/01","Newham","1"
"0.044253474567085505","51.52729415893555","1904/01/01","Newham","3"
"0.044253474567085505","51.52729415893555","1956/01/01","Newham","2"
"0.044253474567085505","51.52729415893555","1898/01/01","Newham","2"
"0.044253474567085505","51.52729415893555","1907/01/01","Newham","3"
"0.044253474567085505","51.52729415893555","1950/01/01","Newham","1"
"0.044253474567085505","51.52729415893555","1914/01/01","Newham","5"
"0.044253474567085505","51.52729415893555","1897/01/01","Newham","2"
"0.044253474567085505","51.52729415893555","1899/01/01","Newham","21"
"0.044253474567085505","51.52729415893555","1958/01/01","Newham","1"
"0.044253474567085505","51.52729415893555","1909/01/01","Newham","3"
"0.044253474567085505","51.52729415893555","1913/01/01","Newham","5"
"0.044253474567085505","51.52729415893555","1919/01/01","Newham","2"
"0.044253474567085505","51.52729415893555","1915/01/01","Newham","4"
"0.044253474567085505","51.52729415893555","1905/01/01","Newham","1"
"0.044253474567085505","51.52729415893555","1951/01/01","Newham","1"
"0.044253474567085505","51.52729415893555","1927/01/01","Newham","2"
"0.044253474567085505","51.52729415893555","1929/01/01","Newham","1"
"0.044253474567085505","51.52729415893555","1910/01/01","Newham","3"
"0.044253474567085505","51.52729415893555","1949/01/01","Newham","1"
"0.044253474567085505","51.52729415893555","1940/01/01","Newham","1"
"0.044253474567085505","51.52729415893555","1937/01/01","Newham","3"
"-0.09184","51.51279","1936/01/01","City of London","8"
"-0.09184","51.51279","1925/01/01","City of London","5"
"-0.09184","51.51279","1963/01/01","City of London","3"
"-0.09184","51.51279","1953/01/01","City of London","1"
"-0.09184","51.51279","1848/01/01","City of London","5"
"-0.09184","51.51279","1931/01/01","City of London","6"
"-0.09184","51.51279","1928/01/01","City of London","4"
"-0.09184","51.51279","1959/01/01","City of London","2"
"-0.09184","51.51279","1957/01/01","City of London","5"
"-0.09184","51.51279","1932/01/01","City of London","5"
"-0.09184","51.51279","1864/01/01","City of London","3"
"-0.09184","51.51279","1916/01/01","City of London","1"
"-0.09184","51.51279","1976/01/01","City of London","4"
"-0.09184","51.51279","1972/01/01","City of London","7"
"-0.09184","51.51279","1965/01/01","City of London","3"
"-0.09184","51.51279","1913/01/01","City of London","4"
"-0.09184","51.51279","1901/01/01","City of London","16"
"-0.09184","51.51279","1948/01/01","City of London","2"
"-0.09184","51.51279","1923/01/01","City of London","2"
"-0.09184","51.51279","1917/01/01","City of London","2"
"-0.09184","51.51279","1958/01/01","City of London","3"
"-0.09184","51.51279","1951/01/01","City of London","2"
"-0.09184","51.51279","1903/01/01","City of London","5"
"-0.09184","51.51279","1893/01/01","City of London","1"
"-0.09184","51.51279","1922/01/01","City of London","5"
"-0.09184","51.51279","1907/01/01","City of London","1"
"-0.09184","51.51279","1962/01/01","City of London","7"
"-0.09184","51.51279","1934/01/01","City of London","7"
"-0.09184","51.51279","1930/01/01","City of London","4"
"-0.09184","51.51279","1950/01/01","City of London","1"
"-0.09184","51.51279","1849/01/01","City of London","11"
"-0.09184","51.51279","1905/01/01","City of London","4"
"-0.09184","51.51279","1961/01/01","City of London","1"
"-0.09184","51.51279","1914/01/01","City of London","6"
"-0.09184","51.51279","1906/01/01","City of London","27"
"-0.09184","51.51279","1919/01/01","City of London","3"
"-0.09184","51.51279","1908/01/01","City of London","6"
"-0.09184","51.51279","1910/01/01","City of London","13"
"-0.09184","51.51279","1955/01/01","City of London","5"
"-0.09184","51.51279","1937/01/01","City of London","5"
"-0.09184","51.51279","1935/01/01","City of London","6"
"-0.09184","51.51279","1852/01/01","City of London","2"
"-0.09184","51.51279","1894/01/01","City of London","1"
"-0.09184","51.51279","1861/01/01","City of London","5"
"-0.09184","51.51279","1854/01/01","City of London","1"
"-0.09184","51.51279","1966/01/01","City of London","2"
"-0.09184","51.51279","1968/01/01","City of London","9"
"-0.09184","51.51279","1938/01/01","City of London","3"
"-0.09184","51.51279","1920/01/01","City of London","5"
"-0.09184","51.51279","1912/01/01","City of London","5"
"-0.09184","51.51279","1978/01/01","City of London","1"
"-0.09184","51.51279","1856/01/01","City of London","1"
"-0.09184","51.51279","1921/01/01","City of London","6"
"-0.09184","51.51279","1960/01/01","City of London","4"
"-0.09184","51.51279","1918/01/01","City of London","1"
"-0.09184","51.51279","1926/01/01","City of London","7"
"-0.09184","51.51279","1891/01/01","City of London","11"
"-0.09184","51.51279","1933/01/01","City of London","7"
"-0.09184","51.51279","1904/01/01","City of London","7"
"-0.09184","51.51279","1973/01/01","City of London","5"
"-0.09184","51.51279","1956/01/01","City of London","3"
"-0.09184","51.51279","1911/01/01","City of London","2"
"-0.09184","51.51279","1865/01/01","City of London","2"
"-0.09184","51.51279","1952/01/01","City of London","3"
"-0.09184","51.51279","1850/01/01","City of London","6"
"-0.09184","51.51279","1899/01/01","City of London","3"
"-0.09184","51.51279","1946/01/01","City of London","3"
"-0.09184","51.51279","1970/01/01","City of London","18"
"-0.09184","51.51279","1869/01/01","City of London","1"
"-0.09184","51.51279","1915/01/01","City of London","1"
"-0.09184","51.51279","1969/01/01","City of London","21"
"-0.09184","51.51279","1971/01/01","City of London","2"
"-0.09184","51.51279","1947/01/01","City of London","4"
"-0.09184","51.51279","1924/01/01","City of London","6"
"-0.09184","51.51279","1927/01/01","City of London","2"
"-0.09184","51.51279","1902/01/01","City of London","5"
"-0.09184","51.51279","1967/01/01","City of London","2"
"-0.09184","51.51279","1929/01/01","City of London","3"
"-0.09184","51.51279","1954/01/01","City of London","6"
"-0.09184","51.51279","1944/01/01","City of London","6"
"-0.09184","51.51279","1949/01/01","City of London","2"
"-0.18150794133543968","51.40771484375","1973/01/01","Merton","3"
"-0.18150794133543968","51.40771484375","1925/01/01","Merton","1"
"-0.18150794133543968","51.40771484375","1896/01/01","Merton","1"
"-0.18150794133543968","51.40771484375","1895/01/01","Merton","5"
"-0.18150794133543968","51.40771484375","1966/01/01","Merton","2"
"-0.18150794133543968","51.40771484375","1906/01/01","Merton","1"
"-0.18150794133543968","51.40771484375","1928/01/01","Merton","1"
"-0.18150794133543968","51.40771484375","1959/01/01","Merton","4"
"-0.18150794133543968","51.40771484375","1965/01/01","Merton","2"
"-0.18150794133543968","51.40771484375","1908/01/01","Merton","1"
"-0.18150794133543968","51.40771484375","1933/01/01","Merton","4"
"-0.18150794133543968","51.40771484375","1904/01/01","Merton","2"
"-0.18150794133543968","51.40771484375","1963/01/01","Merton","3"
"-0.18150794133543968","51.40771484375","1956/01/01","Merton","4"
"-0.18150794133543968","51.40771484375","1913/01/01","Merton","4"
"-0.18150794133543968","51.40771484375","1972/01/01","Merton","6"
"-0.18150794133543968","51.40771484375","1948/01/01","Merton","1"
"-0.18150794133543968","51.40771484375","1955/01/01","Merton","1"
"-0.18150794133543968","51.40771484375","1898/01/01","Merton","2"
"-0.18150794133543968","51.40771484375","1909/01/01","Merton","2"
"-0.18150794133543968","51.40771484375","1970/01/01","Merton","5"
"-0.18150794133543968","51.40771484375","1962/01/01","Merton","1"
"-0.18150794133543968","51.40771484375","1934/01/01","Merton","1"
"-0.18150794133543968","51.40771484375","1969/01/01","Merton","2"
"-0.18150794133543968","51.40771484375","1971/01/01","Merton","10"
"-0.18150794133543968","51.40771484375","1951/01/01","Merton","1"
"-0.18150794133543968","51.40771484375","1968/01/01","Merton","3"
"-0.18150794133543968","51.40771484375","1967/01/01","Merton","2"
"-0.18150794133543968","51.40771484375","1932/01/01","Merton","2"
"-0.18150794133543968","51.40771484375","1949/01/01","Merton","1"
"-0.18150794133543968","51.40771484375","1937/01/01","Merton","2"
"-0.07526120217517018","51.35306739807129","1935/01/01","Croydon","2"
"-0.07526120217517018","51.35306739807129","1936/01/01","Croydon","3"
"-0.07526120217517018","51.35306739807129","1894/01/01","Croydon","2"
"-0.07526120217517018","51.35306739807129","1953/01/01","Croydon","1"
"-0.07526120217517018","51.35306739807129","1968/01/01","Croydon","1"
"-0.07526120217517018","51.35306739807129","1931/01/01","Croydon","1"
"-0.07526120217517018","51.35306739807129","1957/01/01","Croydon","1"
"-0.07526120217517018","51.35306739807129","1938/01/01","Croydon","5"
"-0.07526120217517018","51.35306739807129","1925/01/01","Croydon","1"
"-0.07526120217517018","51.35306739807129","1926/01/01","Croydon","1"
"-0.07526120217517018","51.35306739807129","1933/01/01","Croydon","1"
"-0.07526120217517018","51.35306739807129","1946/01/01","Croydon","1"
"-0.07526120217517018","51.35306739807129","1950/01/01","Croydon","1"
"-0.07526120217517018","51.35306739807129","1951/01/01","Croydon","1"
"-0.07526120217517018","51.35306739807129","1959/01/01","Croydon","1"
"-0.07526120217517018","51.35306739807129","1909/01/01","Croydon","3"
"-0.07526120217517018","51.35306739807129","1934/01/01","Croydon","3"
"-0.07526120217517018","51.35306739807129","1905/01/01","Croydon","2"
"-0.07526120217517018","51.35306739807129","1895/01/01","Croydon","4"
"-0.07526120217517018","51.35306739807129","1947/01/01","Croydon","1"
"-0.07526120217517018","51.35306739807129","1964/01/01","Croydon","1"
"-0.07526120217517018","51.35306739807129","1914/01/01","Croydon","2"
"-0.07526120217517018","51.35306739807129","1932/01/01","Croydon","1"
"-0.07526120217517018","51.35306739807129","1924/01/01","Croydon","1"
"-0.07526120217517018","51.35306739807129","1910/01/01","Croydon","2"
"-0.07526120217517018","51.35306739807129","1973/01/01","Croydon","2"
"-0.07526120217517018","51.35306739807129","1937/01/01","Croydon","4"
"-0.25226590037345886","51.5615177154541","1935/01/01","Brent","1"
"-0.25226590037345886","51.5615177154541","1896/01/01","Brent","1"
"-0.25226590037345886","51.5615177154541","1964/01/01","Brent","1"
"-0.25226590037345886","51.5615177154541","1959/01/01","Brent","9"
"-0.25226590037345886","51.5615177154541","1938/01/01","Brent","4"
"-0.25226590037345886","51.5615177154541","1920/01/01","Brent","3"
"-0.25226590037345886","51.5615177154541","1957/01/01","Brent","10"
"-0.25226590037345886","51.5615177154541","1958/01/01","Brent","1"
"-0.25226590037345886","51.5615177154541","1933/01/01","Brent","1"
"-0.25226590037345886","51.5615177154541","1972/01/01","Brent","2"
"-0.25226590037345886","51.5615177154541","1898/01/01","Brent","5"
"-0.25226590037345886","51.5615177154541","1913/01/01","Brent","1"
"-0.25226590037345886","51.5615177154541","1914/01/01","Brent","2"
"-0.25226590037345886","51.5615177154541","1897/01/01","Brent","1"
"-0.25226590037345886","51.5615177154541","1960/01/01","Brent","4"
"-0.25226590037345886","51.5615177154541","1919/01/01","Brent","1"
"-0.25226590037345886","51.5615177154541","1962/01/01","Brent","1"
"-0.25226590037345886","51.5615177154541","1895/01/01","Brent","1"
"-0.25226590037345886","51.5615177154541","1961/01/01","Brent","1"
"-0.25226590037345886","51.5615177154541","1902/01/01","Brent","2"
"-0.25226590037345886","51.5615177154541","1893/01/01","Brent","2"
"-0.25226590037345886","51.5615177154541","1937/01/01","Brent","1"
"-0.026297778822481632","51.51153373718262","1877/01/01","Tower Hamlets","3"
"-0.026297778822481632","51.51153373718262","1928/01/01","Tower Hamlets","1"
"-0.026297778822481632","51.51153373718262","1959/01/01","Tower Hamlets","5"
"-0.026297778822481632","51.51153373718262","1866/01/01","Tower Hamlets","3"
"-0.026297778822481632","51.51153373718262","1875/01/01","Tower Hamlets","10"
"-0.026297778822481632","51.51153373718262","1913/01/01","Tower Hamlets","2"
"-0.026297778822481632","51.51153373718262","1914/01/01","Tower Hamlets","4"
"-0.026297778822481632","51.51153373718262","1923/01/01","Tower Hamlets","6"
"-0.026297778822481632","51.51153373718262","1958/01/01","Tower Hamlets","1"
"-0.026297778822481632","51.51153373718262","1903/01/01","Tower Hamlets","6"
"-0.026297778822481632","51.51153373718262","1962/01/01","Tower Hamlets","2"
"-0.026297778822481632","51.51153373718262","1908/01/01","Tower Hamlets","5"
"-0.026297778822481632","51.51153373718262","1873/01/01","Tower Hamlets","10"
"-0.026297778822481632","51.51153373718262","1961/01/01","Tower Hamlets","2"
"-0.026297778822481632","51.51153373718262","1876/01/01","Tower Hamlets","8"
"-0.026297778822481632","51.51153373718262","1886/01/01","Tower Hamlets","2"
"-0.026297778822481632","51.51153373718262","1864/01/01","Tower Hamlets","3"
"-0.026297778822481632","51.51153373718262","1885/01/01","Tower Hamlets","5"
"-0.026297778822481632","51.51153373718262","1910/01/01","Tower Hamlets","4"
"-0.026297778822481632","51.51153373718262","1862/01/01","Tower Hamlets","5"
"-0.026297778822481632","51.51153373718262","1894/01/01","Tower Hamlets","1"
"-0.026297778822481632","51.51153373718262","1938/01/01","Tower Hamlets","2"
"-0.026297778822481632","51.51153373718262","1899/01/01","Tower Hamlets","1"
"-0.026297778822481632","51.51153373718262","1929/01/01","Tower Hamlets","1"
"-0.026297778822481632","51.51153373718262","1859/01/01","Tower Hamlets","4"
"-0.026297778822481632","51.51153373718262","1891/01/01","Tower Hamlets","6"
"-0.026297778822481632","51.51153373718262","1933/01/01","Tower Hamlets","1"
"-0.026297778822481632","51.51153373718262","1904/01/01","Tower Hamlets","12"
"-0.026297778822481632","51.51153373718262","1907/01/01","Tower Hamlets","2"
"-0.026297778822481632","51.51153373718262","1870/01/01","Tower Hamlets","13"
"-0.026297778822481632","51.51153373718262","1901/01/01","Tower Hamlets","1"
"-0.026297778822481632","51.51153373718262","1881/01/01","Tower Hamlets","2"
"-0.026297778822481632","51.51153373718262","1865/01/01","Tower Hamlets","6"
"-0.026297778822481632","51.51153373718262","1863/01/01","Tower Hamlets","3"
"-0.026297778822481632","51.51153373718262","1912/01/01","Tower Hamlets","6"
"-0.026297778822481632","51.51153373718262","1888/01/01","Tower Hamlets","3"
"-0.026297778822481632","51.51153373718262","1890/01/01","Tower Hamlets","4"
"-0.026297778822481632","51.51153373718262","1915/01/01","Tower Hamlets","2"
"-0.026297778822481632","51.51153373718262","1973/01/01","Tower Hamlets","1"
"-0.026297778822481632","51.51153373718262","1932/01/01","Tower Hamlets","3"
"-0.026297778822481632","51.51153373718262","1924/01/01","Tower Hamlets","1"
"-0.026297778822481632","51.51153373718262","1927/01/01","Tower Hamlets","1"
"-0.026297778822481632","51.51153373718262","1954/01/01","Tower Hamlets","1"
"-0.026297778822481632","51.51153373718262","1937/01/01","Tower Hamlets","1"
"-0.026297778822481632","51.51153373718262","1878/01/01","Tower Hamlets","14"
"-0.026297778822481632","51.51153373718262","1936/01/01","Tower Hamlets","1"
"-0.026297778822481632","51.51153373718262","1925/01/01","Tower Hamlets","1"
"-0.026297778822481632","51.51153373718262","1860/01/01","Tower Hamlets","6"
"-0.026297778822481632","51.51153373718262","1957/01/01","Tower Hamlets","4"
"-0.026297778822481632","51.51153373718262","1884/01/01","Tower Hamlets","5"
"-0.026297778822481632","51.51153373718262","1896/01/01","Tower Hamlets","3"
"-0.026297778822481632","51.51153373718262","1963/01/01","Tower Hamlets","4"
"-0.026297778822481632","51.51153373718262","1969/01/01","Tower Hamlets","3"
"-0.026297778822481632","51.51153373718262","1950/01/01","Tower Hamlets","1"
"-0.026297778822481632","51.51153373718262","1948/01/01","Tower Hamlets","1"
"-0.026297778822481632","51.51153373718262","1887/01/01","Tower Hamlets","10"
"-0.026297778822481632","51.51153373718262","1951/01/01","Tower Hamlets","1"
"-0.026297778822481632","51.51153373718262","1971/01/01","Tower Hamlets","2"
"-0.026297778822481632","51.51153373718262","1909/01/01","Tower Hamlets","18"
"-0.026297778822481632","51.51153373718262","1883/01/01","Tower Hamlets","5"
"-0.026297778822481632","51.51153373718262","1895/01/01","Tower Hamlets","4"
"-0.026297778822481632","51.51153373718262","1905/01/01","Tower Hamlets","1"
"-0.026297778822481632","51.51153373718262","1867/01/01","Tower Hamlets","3"
"-0.026297778822481632","51.51153373718262","1893/01/01","Tower Hamlets","8"
"-0.026297778822481632","51.51153373718262","1872/01/01","Tower Hamlets","8"
"-0.026297778822481632","51.51153373718262","1858/01/01","Tower Hamlets","23"
"-0.026297778822481632","51.51153373718262","1955/01/01","Tower Hamlets","1"
"-0.026297778822481632","51.51153373718262","1868/01/01","Tower Hamlets","8"
"-0.026297778822481632","51.51153373718262","1897/01/01","Tower Hamlets","1"
"-0.026297778822481632","51.51153373718262","1892/01/01","Tower Hamlets","4"
"-0.026297778822481632","51.51153373718262","1880/01/01","Tower Hamlets","3"
"-0.026297778822481632","51.51153373718262","1861/01/01","Tower Hamlets","4"
"-0.026297778822481632","51.51153373718262","1874/01/01","Tower Hamlets","7"
"-0.026297778822481632","51.51153373718262","1906/01/01","Tower Hamlets","21"
"-0.026297778822481632","51.51153373718262","1900/01/01","Tower Hamlets","2"
"-0.026297778822481632","51.51153373718262","1920/01/01","Tower Hamlets","3"
"-0.026297778822481632","51.51153373718262","1879/01/01","Tower Hamlets","6"
"-0.026297778822481632","51.51153373718262","1889/01/01","Tower Hamlets","2"
"-0.026297778822481632","51.51153373718262","1856/01/01","Tower Hamlets","8"
"-0.026297778822481632","51.51153373718262","1960/01/01","Tower Hamlets","3"
"-0.026297778822481632","51.51153373718262","1898/01/01","Tower Hamlets","5"
"-0.026297778822481632","51.51153373718262","1911/01/01","Tower Hamlets","3"
"-0.026297778822481632","51.51153373718262","1857/01/01","Tower Hamlets","6"
"-0.026297778822481632","51.51153373718262","1869/01/01","Tower Hamlets","15"
"-0.026297778822481632","51.51153373718262","1902/01/01","Tower Hamlets","4"
"-0.026297778822481632","51.51153373718262","1882/01/01","Tower Hamlets","18"
"0.15247684717178345","51.451847076416016","1955/01/01","Bexley","1"
"0.15247684717178345","51.451847076416016","1960/01/01","Bexley","1"
"0.15247684717178345","51.451847076416016","1953/01/01","Bexley","1"
"0.15247684717178345","51.451847076416016","1913/01/01","Bexley","2"
"0.15247684717178345","51.451847076416016","1962/01/01","Bexley","2"
"0.15247684717178345","51.451847076416016","1950/01/01","Bexley","3"
"0.15247684717178345","51.451847076416016","1949/01/01","Bexley","1"
"0.15247684717178345","51.451847076416016","1971/01/01","Bexley","1"
"0.15247684717178345","51.451847076416016","1961/01/01","Bexley","1"
"0.15247684717178345","51.451847076416016","1954/01/01","Bexley","3"
"0.15247684717178345","51.451847076416016","1944/01/01","Bexley","1"
"0.15247684717178345","51.451847076416016","1963/01/01","Bexley","1"
"0.15247684717178345","51.451847076416016","1952/01/01","Bexley","1"
"-0.052342699375003576","51.54478645324707","1871/01/01","Hackney","3"
"-0.052342699375003576","51.54478645324707","1925/01/01","Hackney","2"
"-0.052342699375003576","51.54478645324707","1877/01/01","Hackney","2"
"-0.052342699375003576","51.54478645324707","1926/01/01","Hackney","2"
"-0.052342699375003576","51.54478645324707","1928/01/01","Hackney","1"
"-0.052342699375003576","51.54478645324707","1860/01/01","Hackney","1"
"-0.052342699375003576","51.54478645324707","1964/01/01","Hackney","2"
"-0.052342699375003576","51.54478645324707","1864/01/01","Hackney","1"
"-0.052342699375003576","51.54478645324707","1875/01/01","Hackney","2"
"-0.052342699375003576","51.54478645324707","1963/01/01","Hackney","1"
"-0.052342699375003576","51.54478645324707","1913/01/01","Hackney","4"
"-0.052342699375003576","51.54478645324707","1901/01/01","Hackney","2"
"-0.052342699375003576","51.54478645324707","1914/01/01","Hackney","3"
"-0.052342699375003576","51.54478645324707","1887/01/01","Hackney","17"
"-0.052342699375003576","51.54478645324707","1903/01/01","Hackney","2"
"-0.052342699375003576","51.54478645324707","1922/01/01","Hackney","2"
"-0.052342699375003576","51.54478645324707","1907/01/01","Hackney","1"
"-0.052342699375003576","51.54478645324707","1883/01/01","Hackney","2"
"-0.052342699375003576","51.54478645324707","1908/01/01","Hackney","7"
"-0.052342699375003576","51.54478645324707","1895/01/01","Hackney","8"
"-0.052342699375003576","51.54478645324707","1905/01/01","Hackney","8"
"-0.052342699375003576","51.54478645324707","1876/01/01","Hackney","7"
"-0.052342699375003576","51.54478645324707","1886/01/01","Hackney","4"
"-0.052342699375003576","51.54478645324707","1893/01/01","Hackney","7"
"-0.052342699375003576","51.54478645324707","1872/01/01","Hackney","1"
"-0.052342699375003576","51.54478645324707","1858/01/01","Hackney","6"
"-0.052342699375003576","51.54478645324707","1862/01/01","Hackney","1"
"-0.052342699375003576","51.54478645324707","1897/01/01","Hackney","11"
"-0.052342699375003576","51.54478645324707","1894/01/01","Hackney","1"
"-0.052342699375003576","51.54478645324707","1880/01/01","Hackney","5"
"-0.052342699375003576","51.54478645324707","1861/01/01","Hackney","1"
"-0.052342699375003576","51.54478645324707","1900/01/01","Hackney","13"
"-0.052342699375003576","51.54478645324707","1879/01/01","Hackney","4"
"-0.052342699375003576","51.54478645324707","1889/01/01","Hackney","3"
"-0.052342699375003576","51.54478645324707","1921/01/01","Hackney","1"
"-0.052342699375003576","51.54478645324707","1859/01/01","Hackney","3"
"-0.052342699375003576","51.54478645324707","1891/01/01","Hackney","1"
"-0.052342699375003576","51.54478645324707","1904/01/01","Hackney","6"
"-0.052342699375003576","51.54478645324707","1898/01/01","Hackney","13"
"-0.052342699375003576","51.54478645324707","1911/01/01","Hackney","14"
"-0.052342699375003576","51.54478645324707","1884/01/01","Hackney","1"
"-0.052342699375003576","51.54478645324707","1857/01/01","Hackney","1"
"-0.052342699375003576","51.54478645324707","1881/01/01","Hackney","7"
"-0.052342699375003576","51.54478645324707","1899/01/01","Hackney","6"
"-0.052342699375003576","51.54478645324707","1909/01/01","Hackney","6"
"-0.052342699375003576","51.54478645324707","1888/01/01","Hackney","5"
"-0.052342699375003576","51.54478645324707","1890/01/01","Hackney","2"
"-0.052342699375003576","51.54478645324707","1910/01/01","Hackney","3"
"-0.052342699375003576","51.54478645324707","1924/01/01","Hackney","4"
"-0.052342699375003576","51.54478645324707","1902/01/01","Hackney","8"
"-0.052342699375003576","51.54478645324707","1892/01/01","Hackney","8"
"-0.052342699375003576","51.54478645324707","1868/01/01","Hackney","4"
"-0.052342699375003576","51.54478645324707","1912/01/01","Hackney","2"
"-0.052342699375003576","51.54478645324707","1878/01/01","Hackney","3"
"-0.052342699375003576","51.54478645324707","1882/01/01","Hackney","11"
